Workbook

Sheet CTRS_Summary
A1: Coastal tourism risk index (TSRI / CTRS) — result
A2: =CTRS_Calc!A2 -> X method in use: TOURISTS
A3: Higher TSRI = higher risk. Sorted by rank. Change options in CTRS_Control; tourist numbers go in CTRS_Inputs.
A5: Rank | B5: State | C5: Pantai share | D5: X | E5: Y | F5: Z | G5: TSRI | H5: TSRI (0–1) | I5: LCC note
A6: =IF(1<=SUM(CTRS_Calc!$Y$5:$Y$18),1,"") -> 1 | B6: =IF($A6="","",INDEX(CTRS_Calc!$A$5:$A$18,MATCH($A6,CTRS_Calc!$AE$5:$AE$18,0))) -> Pahang | C6: =IF($A6="","",INDEX(CTRS_Calc!$J$5:$J$18,MATCH($A6,CTRS_Calc!$AE$5:$AE$18,0))) -> 0.28196721 | D6: =IF($A6="","",INDEX(CTRS_Calc!$Z$5:$Z$18,MATCH($A6,CTRS_Calc!$AE$5:$AE$18,0))) -> 1 | E6: =IF($A6="","",INDEX(CTRS_Calc!$AA$5:$AA$18,MATCH($A6,CTRS_Calc!$AE$5:$AE$18,0))) -> 0.26648182 | F6: =IF($A6="","",INDEX(CTRS_Calc!$AB$5:$AB$18,MATCH($A6,CTRS_Calc!$AE$5:$AE$18,0))) -> 0.047504366 | G6: =IF($A6="","",INDEX(CTRS_Calc!$AC$5:$AC$18,MATCH($A6,CTRS_Calc!$AE$5:$AE$18,0))) -> 0.40632582 | H6: =IF($A6="","",INDEX(CTRS_Calc!$AD$5:$AD$18,MATCH($A6,CTRS_Calc!$AE$5:$AE$18,0))) -> 0.73965915 | I6: =IF($A6="","",IF(INDEX(CTRS_Calc!$AH$5:$AH$18,MATCH($A6,CTRS_Calc!$AE$5:$AE$18,0))=1,"no LCC data: substituted ("&CTRS_Control!$C$19&")",""))
A7: =IF(2<=SUM(CTRS_Calc!$Y$5:$Y$18),2,"") -> 2 | B7: =IF($A7="","",INDEX(CTRS_Calc!$A$5:$A$18,MATCH($A7,CTRS_Calc!$AE$5:$AE$18,0))) -> Kedah | C7: =IF($A7="","",INDEX(CTRS_Calc!$J$5:$J$18,MATCH($A7,CTRS_Calc!$AE$5:$AE$18,0))) -> 0.39664804 | D7: =IF($A7="","",INDEX(CTRS_Calc!$Z$5:$Z$18,MATCH($A7,CTRS_Calc!$AE$5:$AE$18,0))) -> 0.90735633 | E7: =IF($A7="","",INDEX(CTRS_Calc!$AA$5:$AA$18,MATCH($A7,CTRS_Calc!$AE$5:$AE$18,0))) -> 0.23459722 | F7: =IF($A7="","",INDEX(CTRS_Calc!$AB$5:$AB$18,MATCH($A7,CTRS_Calc!$AE$5:$AE$18,0))) -> 0.029259082 | G7: =IF($A7="","",INDEX(CTRS_Calc!$AC$5:$AC$18,MATCH($A7,CTRS_Calc!$AE$5:$AE$18,0))) -> 0.37089816 | H7: =IF($A7="","",INDEX(CTRS_Calc!$AD$5:$AD$18,MATCH($A7,CTRS_Calc!$AE$5:$AE$18,0))) -> 0.70423149 | I7: =IF($A7="","",IF(INDEX(CTRS_Calc!$AH$5:$AH$18,MATCH($A7,CTRS_Calc!$AE$5:$AE$18,0))=1,"no LCC data: substituted ("&CTRS_Control!$C$19&")",""))
A8: =IF(3<=SUM(CTRS_Calc!$Y$5:$Y$18),3,"") -> 3 | B8: =IF($A8="","",INDEX(CTRS_Calc!$A$5:$A$18,MATCH($A8,CTRS_Calc!$AE$5:$AE$18,0))) -> Terengganu | C8: =IF($A8="","",INDEX(CTRS_Calc!$J$5:$J$18,MATCH($A8,CTRS_Calc!$AE$5:$AE$18,0))) -> 0.54581673 | D8: =IF($A8="","",INDEX(CTRS_Calc!$Z$5:$Z$18,MATCH($A8,CTRS_Calc!$AE$5:$AE$18,0))) -> 0.91821756 | E8: =IF($A8="","",INDEX(CTRS_Calc!$AA$5:$AA$18,MATCH($A8,CTRS_Calc!$AE$5:$AE$18,0))) -> 0.28593424 | F8: =IF($A8="","",INDEX(CTRS_Calc!$AB$5:$AB$18,MATCH($A8,CTRS_Calc!$AE$5:$AE$18,0))) -> 0.25417178 | G8: =IF($A8="","",INDEX(CTRS_Calc!$AC$5:$AC$18,MATCH($A8,CTRS_Calc!$AE$5:$AE$18,0))) -> 0.31666001 | H8: =IF($A8="","",INDEX(CTRS_Calc!$AD$5:$AD$18,MATCH($A8,CTRS_Calc!$AE$5:$AE$18,0))) -> 0.64999334 | I8: =IF($A8="","",IF(INDEX(CTRS_Calc!$AH$5:$AH$18,MATCH($A8,CTRS_Calc!$AE$5:$AE$18,0))=1,"no LCC data: substituted ("&CTRS_Control!$C$19&")",""))
A9: =IF(4<=SUM(CTRS_Calc!$Y$5:$Y$18),4,"") -> 4 | B9: =IF($A9="","",INDEX(CTRS_Calc!$A$5:$A$18,MATCH($A9,CTRS_Calc!$AE$5:$AE$18,0))) -> Kelantan | C9: =IF($A9="","",INDEX(CTRS_Calc!$J$5:$J$18,MATCH($A9,CTRS_Calc!$AE$5:$AE$18,0))) -> 0.17582418 | D9: =IF($A9="","",INDEX(CTRS_Calc!$Z$5:$Z$18,MATCH($A9,CTRS_Calc!$AE$5:$AE$18,0))) -> 0.36761971 | E9: =IF($A9="","",INDEX(CTRS_Calc!$AA$5:$AA$18,MATCH($A9,CTRS_Calc!$AE$5:$AE$18,0))) -> 0.5275 | F9: =IF($A9="","",INDEX(CTRS_Calc!$AB$5:$AB$18,MATCH($A9,CTRS_Calc!$AE$5:$AE$18,0))) -> 0 | G9: =IF($A9="","",INDEX(CTRS_Calc!$AC$5:$AC$18,MATCH($A9,CTRS_Calc!$AE$5:$AE$18,0))) -> 0.29837324 | H9: =IF($A9="","",INDEX(CTRS_Calc!$AD$5:$AD$18,MATCH($A9,CTRS_Calc!$AE$5:$AE$18,0))) -> 0.63170657 | I9: =IF($A9="","",IF(INDEX(CTRS_Calc!$AH$5:$AH$18,MATCH($A9,CTRS_Calc!$AE$5:$AE$18,0))=1,"no LCC data: substituted ("&CTRS_Control!$C$19&")","")) -> no LCC data: substituted (ZERO)
A10: =IF(5<=SUM(CTRS_Calc!$Y$5:$Y$18),5,"") -> 5 | B10: =IF($A10="","",INDEX(CTRS_Calc!$A$5:$A$18,MATCH($A10,CTRS_Calc!$AE$5:$AE$18,0))) -> Perak | C10: =IF($A10="","",INDEX(CTRS_Calc!$J$5:$J$18,MATCH($A10,CTRS_Calc!$AE$5:$AE$18,0))) -> 0.14956012 | D10: =IF($A10="","",INDEX(CTRS_Calc!$Z$5:$Z$18,MATCH($A10,CTRS_Calc!$AE$5:$AE$18,0))) -> 0.50006102 | E10: =IF($A10="","",INDEX(CTRS_Calc!$AA$5:$AA$18,MATCH($A10,CTRS_Calc!$AE$5:$AE$18,0))) -> 0.370605 | F10: =IF($A10="","",INDEX(CTRS_Calc!$AB$5:$AB$18,MATCH($A10,CTRS_Calc!$AE$5:$AE$18,0))) -> 0 | G10: =IF($A10="","",INDEX(CTRS_Calc!$AC$5:$AC$18,MATCH($A10,CTRS_Calc!$AE$5:$AE$18,0))) -> 0.29022201 | H10: =IF($A10="","",INDEX(CTRS_Calc!$AD$5:$AD$18,MATCH($A10,CTRS_Calc!$AE$5:$AE$18,0))) -> 0.62355534 | I10: =IF($A10="","",IF(INDEX(CTRS_Calc!$AH$5:$AH$18,MATCH($A10,CTRS_Calc!$AE$5:$AE$18,0))=1,"no LCC data: substituted ("&CTRS_Control!$C$19&")",""))
A11: =IF(6<=SUM(CTRS_Calc!$Y$5:$Y$18),6,"") -> 6 | B11: =IF($A11="","",INDEX(CTRS_Calc!$A$5:$A$18,MATCH($A11,CTRS_Calc!$AE$5:$AE$18,0))) -> Selangor | C11: =IF($A11="","",INDEX(CTRS_Calc!$J$5:$J$18,MATCH($A11,CTRS_Calc!$AE$5:$AE$18,0))) -> 0.042654028 | D11: =IF($A11="","",INDEX(CTRS_Calc!$Z$5:$Z$18,MATCH($A11,CTRS_Calc!$AE$5:$AE$18,0))) -> 0.14510452 | E11: =IF($A11="","",INDEX(CTRS_Calc!$AA$5:$AA$18,MATCH($A11,CTRS_Calc!$AE$5:$AE$18,0))) -> 0.63583333 | F11: =IF($A11="","",INDEX(CTRS_Calc!$AB$5:$AB$18,MATCH($A11,CTRS_Calc!$AE$5:$AE$18,0))) -> 0 | G11: =IF($A11="","",INDEX(CTRS_Calc!$AC$5:$AC$18,MATCH($A11,CTRS_Calc!$AE$5:$AE$18,0))) -> 0.26031262 | H11: =IF($A11="","",INDEX(CTRS_Calc!$AD$5:$AD$18,MATCH($A11,CTRS_Calc!$AE$5:$AE$18,0))) -> 0.59364595 | I11: =IF($A11="","",IF(INDEX(CTRS_Calc!$AH$5:$AH$18,MATCH($A11,CTRS_Calc!$AE$5:$AE$18,0))=1,"no LCC data: substituted ("&CTRS_Control!$C$19&")","")) -> no LCC data: substituted (ZERO)
A12: =IF(7<=SUM(CTRS_Calc!$Y$5:$Y$18),7,"") -> 7 | B12: =IF($A12="","",INDEX(CTRS_Calc!$A$5:$A$18,MATCH($A12,CTRS_Calc!$AE$5:$AE$18,0))) -> Pulau Pinang | C12: =IF($A12="","",INDEX(CTRS_Calc!$J$5:$J$18,MATCH($A12,CTRS_Calc!$AE$5:$AE$18,0))) -> 0.083003953 | D12: =IF($A12="","",INDEX(CTRS_Calc!$Z$5:$Z$18,MATCH($A12,CTRS_Calc!$AE$5:$AE$18,0))) -> 0.1500269 | E12: =IF($A12="","",INDEX(CTRS_Calc!$AA$5:$AA$18,MATCH($A12,CTRS_Calc!$AE$5:$AE$18,0))) -> 0.59264706 | F12: =IF($A12="","",INDEX(CTRS_Calc!$AB$5:$AB$18,MATCH($A12,CTRS_Calc!$AE$5:$AE$18,0))) -> 0 | G12: =IF($A12="","",INDEX(CTRS_Calc!$AC$5:$AC$18,MATCH($A12,CTRS_Calc!$AE$5:$AE$18,0))) -> 0.24755799 | H12: =IF($A12="","",INDEX(CTRS_Calc!$AD$5:$AD$18,MATCH($A12,CTRS_Calc!$AE$5:$AE$18,0))) -> 0.58089132 | I12: =IF($A12="","",IF(INDEX(CTRS_Calc!$AH$5:$AH$18,MATCH($A12,CTRS_Calc!$AE$5:$AE$18,0))=1,"no LCC data: substituted ("&CTRS_Control!$C$19&")","")) -> no LCC data: substituted (ZERO)
A13: =IF(8<=SUM(CTRS_Calc!$Y$5:$Y$18),8,"") -> 8 | B13: =IF($A13="","",INDEX(CTRS_Calc!$A$5:$A$18,MATCH($A13,CTRS_Calc!$AE$5:$AE$18,0))) -> Johor | C13: =IF($A13="","",INDEX(CTRS_Calc!$J$5:$J$18,MATCH($A13,CTRS_Calc!$AE$5:$AE$18,0))) -> 0.13508065 | D13: =IF($A13="","",INDEX(CTRS_Calc!$Z$5:$Z$18,MATCH($A13,CTRS_Calc!$AE$5:$AE$18,0))) -> 0.42597663 | E13: =IF($A13="","",INDEX(CTRS_Calc!$AA$5:$AA$18,MATCH($A13,CTRS_Calc!$AE$5:$AE$18,0))) -> 0.31370226 | F13: =IF($A13="","",INDEX(CTRS_Calc!$AB$5:$AB$18,MATCH($A13,CTRS_Calc!$AE$5:$AE$18,0))) -> 0.17832116 | G13: =IF($A13="","",INDEX(CTRS_Calc!$AC$5:$AC$18,MATCH($A13,CTRS_Calc!$AE$5:$AE$18,0))) -> 0.18711924 | H13: =IF($A13="","",INDEX(CTRS_Calc!$AD$5:$AD$18,MATCH($A13,CTRS_Calc!$AE$5:$AE$18,0))) -> 0.52045258 | I13: =IF($A13="","",IF(INDEX(CTRS_Calc!$AH$5:$AH$18,MATCH($A13,CTRS_Calc!$AE$5:$AE$18,0))=1,"no LCC data: substituted ("&CTRS_Control!$C$19&")",""))
A14: =IF(9<=SUM(CTRS_Calc!$Y$5:$Y$18),9,"") -> 9 | B14: =IF($A14="","",INDEX(CTRS_Calc!$A$5:$A$18,MATCH($A14,CTRS_Calc!$AE$5:$AE$18,0))) -> W.P. Labuan | C14: =IF($A14="","",INDEX(CTRS_Calc!$J$5:$J$18,MATCH($A14,CTRS_Calc!$AE$5:$AE$18,0))) -> 0.046511628 | D14: =IF($A14="","",INDEX(CTRS_Calc!$Z$5:$Z$18,MATCH($A14,CTRS_Calc!$AE$5:$AE$18,0))) -> 0.0039840069 | E14: =IF($A14="","",INDEX(CTRS_Calc!$AA$5:$AA$18,MATCH($A14,CTRS_Calc!$AE$5:$AE$18,0))) -> 0.604 | F14: =IF($A14="","",INDEX(CTRS_Calc!$AB$5:$AB$18,MATCH($A14,CTRS_Calc!$AE$5:$AE$18,0))) -> 0.051691252 | G14: =IF($A14="","",INDEX(CTRS_Calc!$AC$5:$AC$18,MATCH($A14,CTRS_Calc!$AE$5:$AE$18,0))) -> 0.18543092 | H14: =IF($A14="","",INDEX(CTRS_Calc!$AD$5:$AD$18,MATCH($A14,CTRS_Calc!$AE$5:$AE$18,0))) -> 0.51876425 | I14: =IF($A14="","",IF(INDEX(CTRS_Calc!$AH$5:$AH$18,MATCH($A14,CTRS_Calc!$AE$5:$AE$18,0))=1,"no LCC data: substituted ("&CTRS_Control!$C$19&")","")) -> no LCC data: substituted (ZERO)
A15: =IF(10<=SUM(CTRS_Calc!$Y$5:$Y$18),10,"") -> 10 | B15: =IF($A15="","",INDEX(CTRS_Calc!$A$5:$A$18,MATCH($A15,CTRS_Calc!$AE$5:$AE$18,0))) -> Sabah | C15: =IF($A15="","",INDEX(CTRS_Calc!$J$5:$J$18,MATCH($A15,CTRS_Calc!$AE$5:$AE$18,0))) -> 0.059360731 | D15: =IF($A15="","",INDEX(CTRS_Calc!$Z$5:$Z$18,MATCH($A15,CTRS_Calc!$AE$5:$AE$18,0))) -> 0.14027092 | E15: =IF($A15="","",INDEX(CTRS_Calc!$AA$5:$AA$18,MATCH($A15,CTRS_Calc!$AE$5:$AE$18,0))) -> 0.41096312 | F15: =IF($A15="","",INDEX(CTRS_Calc!$AB$5:$AB$18,MATCH($A15,CTRS_Calc!$AE$5:$AE$18,0))) -> 0.11766119 | G15: =IF($A15="","",INDEX(CTRS_Calc!$AC$5:$AC$18,MATCH($A15,CTRS_Calc!$AE$5:$AE$18,0))) -> 0.14452428 | H15: =IF($A15="","",INDEX(CTRS_Calc!$AD$5:$AD$18,MATCH($A15,CTRS_Calc!$AE$5:$AE$18,0))) -> 0.47785762 | I15: =IF($A15="","",IF(INDEX(CTRS_Calc!$AH$5:$AH$18,MATCH($A15,CTRS_Calc!$AE$5:$AE$18,0))=1,"no LCC data: substituted ("&CTRS_Control!$C$19&")",""))
A16: =IF(11<=SUM(CTRS_Calc!$Y$5:$Y$18),11,"") -> 11 | B16: =IF($A16="","",INDEX(CTRS_Calc!$A$5:$A$18,MATCH($A16,CTRS_Calc!$AE$5:$AE$18,0))) -> Negeri Sembilan | C16: =IF($A16="","",INDEX(CTRS_Calc!$J$5:$J$18,MATCH($A16,CTRS_Calc!$AE$5:$AE$18,0))) -> 0.24375 | D16: =IF($A16="","",INDEX(CTRS_Calc!$Z$5:$Z$18,MATCH($A16,CTRS_Calc!$AE$5:$AE$18,0))) -> 0.51237228 | E16: =IF($A16="","",INDEX(CTRS_Calc!$AA$5:$AA$18,MATCH($A16,CTRS_Calc!$AE$5:$AE$18,0))) -> 0.45791429 | F16: =IF($A16="","",INDEX(CTRS_Calc!$AB$5:$AB$18,MATCH($A16,CTRS_Calc!$AE$5:$AE$18,0))) -> 0.54556922 | G16: =IF($A16="","",INDEX(CTRS_Calc!$AC$5:$AC$18,MATCH($A16,CTRS_Calc!$AE$5:$AE$18,0))) -> 0.14157245 | H16: =IF($A16="","",INDEX(CTRS_Calc!$AD$5:$AD$18,MATCH($A16,CTRS_Calc!$AE$5:$AE$18,0))) -> 0.47490578 | I16: =IF($A16="","",IF(INDEX(CTRS_Calc!$AH$5:$AH$18,MATCH($A16,CTRS_Calc!$AE$5:$AE$18,0))=1,"no LCC data: substituted ("&CTRS_Control!$C$19&")",""))
A17: =IF(12<=SUM(CTRS_Calc!$Y$5:$Y$18),12,"") -> 12 | B17: =IF($A17="","",INDEX(CTRS_Calc!$A$5:$A$18,MATCH($A17,CTRS_Calc!$AE$5:$AE$18,0))) -> Melaka | C17: =IF($A17="","",INDEX(CTRS_Calc!$J$5:$J$18,MATCH($A17,CTRS_Calc!$AE$5:$AE$18,0))) -> 0.12707182 | D17: =IF($A17="","",INDEX(CTRS_Calc!$Z$5:$Z$18,MATCH($A17,CTRS_Calc!$AE$5:$AE$18,0))) -> 0.29288129 | E17: =IF($A17="","",INDEX(CTRS_Calc!$AA$5:$AA$18,MATCH($A17,CTRS_Calc!$AE$5:$AE$18,0))) -> 0.44490556 | F17: =IF($A17="","",INDEX(CTRS_Calc!$AB$5:$AB$18,MATCH($A17,CTRS_Calc!$AE$5:$AE$18,0))) -> 0.66325507 | G17: =IF($A17="","",INDEX(CTRS_Calc!$AC$5:$AC$18,MATCH($A17,CTRS_Calc!$AE$5:$AE$18,0))) -> 0.024843926 | H17: =IF($A17="","",INDEX(CTRS_Calc!$AD$5:$AD$18,MATCH($A17,CTRS_Calc!$AE$5:$AE$18,0))) -> 0.35817726 | I17: =IF($A17="","",IF(INDEX(CTRS_Calc!$AH$5:$AH$18,MATCH($A17,CTRS_Calc!$AE$5:$AE$18,0))=1,"no LCC data: substituted ("&CTRS_Control!$C$19&")",""))
A18: =IF(13<=SUM(CTRS_Calc!$Y$5:$Y$18),13,"") -> 13 | B18: =IF($A18="","",INDEX(CTRS_Calc!$A$5:$A$18,MATCH($A18,CTRS_Calc!$AE$5:$AE$18,0))) -> Sarawak | C18: =IF($A18="","",INDEX(CTRS_Calc!$J$5:$J$18,MATCH($A18,CTRS_Calc!$AE$5:$AE$18,0))) -> 0.012820513 | D18: =IF($A18="","",INDEX(CTRS_Calc!$Z$5:$Z$18,MATCH($A18,CTRS_Calc!$AE$5:$AE$18,0))) -> 0.026055474 | E18: =IF($A18="","",INDEX(CTRS_Calc!$AA$5:$AA$18,MATCH($A18,CTRS_Calc!$AE$5:$AE$18,0))) -> 0.3744413 | F18: =IF($A18="","",INDEX(CTRS_Calc!$AB$5:$AB$18,MATCH($A18,CTRS_Calc!$AE$5:$AE$18,0))) -> 0.34069738 | G18: =IF($A18="","",INDEX(CTRS_Calc!$AC$5:$AC$18,MATCH($A18,CTRS_Calc!$AE$5:$AE$18,0))) -> 0.019933134 | H18: =IF($A18="","",INDEX(CTRS_Calc!$AD$5:$AD$18,MATCH($A18,CTRS_Calc!$AE$5:$AE$18,0))) -> 0.35326647 | I18: =IF($A18="","",IF(INDEX(CTRS_Calc!$AH$5:$AH$18,MATCH($A18,CTRS_Calc!$AE$5:$AE$18,0))=1,"no LCC data: substituted ("&CTRS_Control!$C$19&")",""))
A19: =IF(14<=SUM(CTRS_Calc!$Y$5:$Y$18),14,"") | B19: =IF($A19="","",INDEX(CTRS_Calc!$A$5:$A$18,MATCH($A19,CTRS_Calc!$AE$5:$AE$18,0))) | C19: =IF($A19="","",INDEX(CTRS_Calc!$J$5:$J$18,MATCH($A19,CTRS_Calc!$AE$5:$AE$18,0))) | D19: =IF($A19="","",INDEX(CTRS_Calc!$Z$5:$Z$18,MATCH($A19,CTRS_Calc!$AE$5:$AE$18,0))) | E19: =IF($A19="","",INDEX(CTRS_Calc!$AA$5:$AA$18,MATCH($A19,CTRS_Calc!$AE$5:$AE$18,0))) | F19: =IF($A19="","",INDEX(CTRS_Calc!$AB$5:$AB$18,MATCH($A19,CTRS_Calc!$AE$5:$AE$18,0))) | G19: =IF($A19="","",INDEX(CTRS_Calc!$AC$5:$AC$18,MATCH($A19,CTRS_Calc!$AE$5:$AE$18,0))) | H19: =IF($A19="","",INDEX(CTRS_Calc!$AD$5:$AD$18,MATCH($A19,CTRS_Calc!$AE$5:$AE$18,0))) | I19: =IF($A19="","",IF(INDEX(CTRS_Calc!$AH$5:$AH$18,MATCH($A19,CTRS_Calc!$AE$5:$AE$18,0))=1,"no LCC data: substituted ("&CTRS_Control!$C$19&")",""))
A21: ="States excluded (missing data): "&SUMPRODUCT(1-CTRS_Calc!$Y$5:$Y$18)&" — see CTRS_Calc col AF" -> States excluded (missing data): 1 — see CTRS_Calc col AF

Sheet CTRS_Control
A1: CTRS / TSRI — control panel
A2: Yellow cells = you can change. Everything else is formula. Pick from the dropdown.
B4: Switch | C4: Value | D4: Options / note
B5: HOTEL_BASIS | C5: HOTELS | D5: HOTELS | ROOMS — pantai share = beach hotels/total hotels (your spec) or beach rooms/total rooms
B6: TOTAL_BASIS | C6: REPORTED | D6: REPORTED | SUM_CATEGORIES — Johor total hotels (496) ≠ sum of its 4 categories (475); Terengganu total rooms (11,667) ≠ sum (11,677); see CTRS_Calc col AF
B7: X_METHOD | C7: AUTO | D7: AUTO | TOURISTS | SHARE_ONLY — TOURISTS = share × tourists (your plan). SHARE_ONLY = provisional, no tourist data needed. AUTO uses TOURISTS when every state that has hotel+MMWQI+LCC data also has a tourist count (now true)
B8: X_METHOD_IN_USE | C8: =IF(C7="AUTO",IF(AND(SUM(CTRS_Calc!$AG$5:$AG$18)>0,SUMPRODUCT(CTRS_Calc!$AG$5:$AG$18*CTRS_Calc!$X$5:$X$18)=SUM(CTRS_Calc!$AG$5:$AG$18)),"TOURISTS","SHARE_ONLY"),C7) -> TOURISTS | D8: Result of the switch above (formula)
B9: X_NORM | C9: MAX | D9: MAX (X / max X, same as original) | MINMAX
B10: MMWQI_YEAR | C10: 2025 | D10: 2021 | 2022 | 2023 | 2024 | 2025 — year of MMWQI used for the state mean (hotel data is 2025)
B11: LCC_WEIGHT | C11: SITES | D11: SITES (weight islands by no. of survey sites) | SIMPLE (plain mean of island LCC)
B12: w_X | C12: =1/3 -> 0.33333333 | D12: TSRI = w_X·X + w_Y·Y − w_Z·Z
B13: w_Y | C13: =1/3 -> 0.33333333
B14: w_Z | C14: =1/3 -> 0.33333333
B15: w_MMWQI | C15: =0.5 -> 0.5 | D15: Y = w_MMWQI·(1−MMWQI/100) + w_LCC·(1−LCC/100)
B16: w_LCC | C16: =0.5 -> 0.5
B17: weight check | C17: =IF(AND(ABS(C12+C13+C14-1)<0.000001,ABS(C15+C16-1)<0.000001),"OK","weights should sum to 1") -> OK
B18: TOURIST_YEAR | C18: 2025 | D18: 2021 | 2022 | 2023 | 2024 | 2025 — year of domestic tourists (DOSM DTS Table 10, all origins) used for X
B19: LCC_MISSING | C19: ZERO | D19: States with hotel+MMWQI data but no LCC survey sites: EXCLUDE (drop) | ZERO (LCC = 0%, Z = 0 → max coral stress, your idea) | NO_STRESS (LCC = 100%, Z = 0 → no coral stress) | MMWQI_ONLY (Y = MMWQI term only, Z = 0)
B30: Z_METHOD | C30: MPA_AREA | D30: MPA_AREA = protection-weighted protected marine area / total marine area (MPA sheet; weights in table below)
B31: Z_DENOM | C31: MYIMCA | D31: Total marine area used when Z_METHOD = MPA_AREA: MYIMCA (state marine area from MyIMCA sheet, shared sites split equally) | NATIONAL_SEA (Malaysia Territorial Sea from MPA sheet; Z scaled by max state) | MANUAL (type state marine areas in CTRS_Z column F)
B32: MPA_WEIGHTS | C32: LEVELS | D32: LEVELS = protection-weighted (stricter MPA counts more, see table) | BINARY = every MPA counts 1 (plain coverage)
B33: MPA TYPE → protection weight (protected area counted = size × weight). Edit yellow cells E:F.
B34: MPA sheet "TYPE" | C34: Weight used | D34: Note | E34: LEVELS weight | F34: BINARY weight
B35: MPA Most Restrictive | C35: =IF($C$32="LEVELS",E35,F35) -> 1 | D35: Anchor: 1.0 | E35: =1 -> 1 | F35: 1
B36: MPA Moderately Restrictive | C36: =IF($C$32="LEVELS",E36,F36) -> 0.83333333 | D36: Interpolated between most (1.0) and least (0.5) | E36: =5/6 -> 0.83333333 | F36: 1
B37: MPA Less Restrictive | C37: =IF($C$32="LEVELS",E37,F37) -> 0.66666667 | D37: Interpolated | E37: =2/3 -> 0.66666667 | F37: 1
B38: MPA Least Restrictive | C38: =IF($C$32="LEVELS",E38,F38) -> 0.5 | D38: Anchor: 0.5 | E38: =0.5 -> 0.5 | F38: 1
B39: Non-MPA Fisheries Management Area | C39: =IF($C$32="LEVELS",E39,F39) -> 0 | D39: Pulau Singa sea cucumber area (Kedah) | E39: 0 | F39: 0
B40: Non-MPA Jurisdictional Authority Area | C40: =IF($C$32="LEVELS",E40,F40) -> 0 | D40: National EEZ / Territorial Sea rows — not a state protected area | E40: 0 | F40: 0

Sheet CTRS_Inputs
A1: Domestic tourists by state (pulled from data)
A2: Unit: '000 tourists. Source: DOSM Domestic Tourism Survey, Table 10 (sheet total_number_of_tourist), origin = Malaysia (all origins). Year: CTRS_Control!C18.
A3: Yellow column = optional override in the same unit. Leave blank to use the data.
A5: State | B5: From data ('000) | C5: Override ('000) | D5: Used ('000)
A6: Johor | B6: =IF(COUNTIFS(total_number_of_tourist!$A$6:$A$300,"Malaysia",total_number_of_tourist!$B$6:$B$300,$A6)=0,"",SUMIFS(INDEX(total_number_of_tourist!$C$6:$Q$300,0,MATCH(CTRS_Control!$C$18&"",total_number_of_tourist!$C$5:$Q$5,0)),total_number_of_tourist!$A$6:$A$300,"Malaysia",total_number_of_tourist!$B$6:$B$300,$A6)) -> 9821.9 | D6: =IF(ISNUMBER(C6),C6,IF(ISNUMBER(B6),B6,"")) -> 9821.9
A7: Kedah | B7: =IF(COUNTIFS(total_number_of_tourist!$A$6:$A$300,"Malaysia",total_number_of_tourist!$B$6:$B$300,$A7)=0,"",SUMIFS(INDEX(total_number_of_tourist!$C$6:$Q$300,0,MATCH(CTRS_Control!$C$18&"",total_number_of_tourist!$C$5:$Q$5,0)),total_number_of_tourist!$A$6:$A$300,"Malaysia",total_number_of_tourist!$B$6:$B$300,$A7)) -> 7124.845 | D7: =IF(ISNUMBER(C7),C7,IF(ISNUMBER(B7),B7,"")) -> 7124.845
A8: Kelantan | B8: =IF(COUNTIFS(total_number_of_tourist!$A$6:$A$300,"Malaysia",total_number_of_tourist!$B$6:$B$300,$A8)=0,"",SUMIFS(INDEX(total_number_of_tourist!$C$6:$Q$300,0,MATCH(CTRS_Control!$C$18&"",total_number_of_tourist!$C$5:$Q$5,0)),total_number_of_tourist!$A$6:$A$300,"Malaysia",total_number_of_tourist!$B$6:$B$300,$A8)) -> 6512.13 | D8: =IF(ISNUMBER(C8),C8,IF(ISNUMBER(B8),B8,"")) -> 6512.13
A9: Melaka | B9: =IF(COUNTIFS(total_number_of_tourist!$A$6:$A$300,"Malaysia",total_number_of_tourist!$B$6:$B$300,$A9)=0,"",SUMIFS(INDEX(total_number_of_tourist!$C$6:$Q$300,0,MATCH(CTRS_Control!$C$18&"",total_number_of_tourist!$C$5:$Q$5,0)),total_number_of_tourist!$A$6:$A$300,"Malaysia",total_number_of_tourist!$B$6:$B$300,$A9)) -> 7178.6905 | D9: =IF(ISNUMBER(C9),C9,IF(ISNUMBER(B9),B9,"")) -> 7178.6905
A10: Negeri Sembilan | B10: =IF(COUNTIFS(total_number_of_tourist!$A$6:$A$300,"Malaysia",total_number_of_tourist!$B$6:$B$300,$A10)=0,"",SUMIFS(INDEX(total_number_of_tourist!$C$6:$Q$300,0,MATCH(CTRS_Control!$C$18&"",total_number_of_tourist!$C$5:$Q$5,0)),total_number_of_tourist!$A$6:$A$300,"Malaysia",total_number_of_tourist!$B$6:$B$300,$A10)) -> 6547.023 | D10: =IF(ISNUMBER(C10),C10,IF(ISNUMBER(B10),B10,"")) -> 6547.023
A11: Pahang | B11: =IF(COUNTIFS(total_number_of_tourist!$A$6:$A$300,"Malaysia",total_number_of_tourist!$B$6:$B$300,$A11)=0,"",SUMIFS(INDEX(total_number_of_tourist!$C$6:$Q$300,0,MATCH(CTRS_Control!$C$18&"",total_number_of_tourist!$C$5:$Q$5,0)),total_number_of_tourist!$A$6:$A$300,"Malaysia",total_number_of_tourist!$B$6:$B$300,$A11)) -> 11045.98 | D11: =IF(ISNUMBER(C11),C11,IF(ISNUMBER(B11),B11,"")) -> 11045.98
A12: Perak | B12: =IF(COUNTIFS(total_number_of_tourist!$A$6:$A$300,"Malaysia",total_number_of_tourist!$B$6:$B$300,$A12)=0,"",SUMIFS(INDEX(total_number_of_tourist!$C$6:$Q$300,0,MATCH(CTRS_Control!$C$18&"",total_number_of_tourist!$C$5:$Q$5,0)),total_number_of_tourist!$A$6:$A$300,"Malaysia",total_number_of_tourist!$B$6:$B$300,$A12)) -> 10413.82 | D12: =IF(ISNUMBER(C12),C12,IF(ISNUMBER(B12),B12,"")) -> 10413.82
A13: Perlis | B13: =IF(COUNTIFS(total_number_of_tourist!$A$6:$A$300,"Malaysia",total_number_of_tourist!$B$6:$B$300,$A13)=0,"",SUMIFS(INDEX(total_number_of_tourist!$C$6:$Q$300,0,MATCH(CTRS_Control!$C$18&"",total_number_of_tourist!$C$5:$Q$5,0)),total_number_of_tourist!$A$6:$A$300,"Malaysia",total_number_of_tourist!$B$6:$B$300,$A13)) -> 1474.936 | D13: =IF(ISNUMBER(C13),C13,IF(ISNUMBER(B13),B13,"")) -> 1474.936
A14: Pulau Pinang | B14: =IF(COUNTIFS(total_number_of_tourist!$A$6:$A$300,"Malaysia",total_number_of_tourist!$B$6:$B$300,$A14)=0,"",SUMIFS(INDEX(total_number_of_tourist!$C$6:$Q$300,0,MATCH(CTRS_Control!$C$18&"",total_number_of_tourist!$C$5:$Q$5,0)),total_number_of_tourist!$A$6:$A$300,"Malaysia",total_number_of_tourist!$B$6:$B$300,$A14)) -> 5629.544 | D14: =IF(ISNUMBER(C14),C14,IF(ISNUMBER(B14),B14,"")) -> 5629.544
A15: Sabah | B15: =IF(COUNTIFS(total_number_of_tourist!$A$6:$A$300,"Malaysia",total_number_of_tourist!$B$6:$B$300,$A15)=0,"",SUMIFS(INDEX(total_number_of_tourist!$C$6:$Q$300,0,MATCH(CTRS_Control!$C$18&"",total_number_of_tourist!$C$5:$Q$5,0)),total_number_of_tourist!$A$6:$A$300,"Malaysia",total_number_of_tourist!$B$6:$B$300,$A15)) -> 7359.889 | D15: =IF(ISNUMBER(C15),C15,IF(ISNUMBER(B15),B15,"")) -> 7359.889
A16: Sarawak | B16: =IF(COUNTIFS(total_number_of_tourist!$A$6:$A$300,"Malaysia",total_number_of_tourist!$B$6:$B$300,$A16)=0,"",SUMIFS(INDEX(total_number_of_tourist!$C$6:$Q$300,0,MATCH(CTRS_Control!$C$18&"",total_number_of_tourist!$C$5:$Q$5,0)),total_number_of_tourist!$A$6:$A$300,"Malaysia",total_number_of_tourist!$B$6:$B$300,$A16)) -> 6329.894 | D16: =IF(ISNUMBER(C16),C16,IF(ISNUMBER(B16),B16,"")) -> 6329.894
A17: Selangor | B17: =IF(COUNTIFS(total_number_of_tourist!$A$6:$A$300,"Malaysia",total_number_of_tourist!$B$6:$B$300,$A17)=0,"",SUMIFS(INDEX(total_number_of_tourist!$C$6:$Q$300,0,MATCH(CTRS_Control!$C$18&"",total_number_of_tourist!$C$5:$Q$5,0)),total_number_of_tourist!$A$6:$A$300,"Malaysia",total_number_of_tourist!$B$6:$B$300,$A17)) -> 10595.556 | D17: =IF(ISNUMBER(C17),C17,IF(ISNUMBER(B17),B17,"")) -> 10595.556
... A19: W.P. Labuan | B19: =IF(COUNTIFS(total_number_of_tourist!$A$6:$A$300,"Malaysia",total_number_of_tourist!$B$6:$B$300,$A19)=0,"",SUMIFS(INDEX(total_number_of_tourist!$C$6:$Q$300,0,MATCH(CTRS_Control!$C$18&"",total_number_of_tourist!$C$5:$Q$5,0)),total_number_of_tourist!$A$6:$A$300,"Malaysia",total_number_of_tourist!$B$6:$B$300,$A19)) -> 266.785 | D19: =IF(ISNUMBER(C19),C19,IF(ISNUMBER(B19),B19,"")) -> 266.785

Sheet CTRS_Calc
A1: Calculation sheet (formulas; blue cells in B:D are the state-name aliases used to match each source sheet)
A2: ="X method in use: "&CTRS_Control!C8&IF(CTRS_Control!C8="SHARE_ONLY"," (PROVISIONAL — add tourist counts in CTRS_Inputs)","") -> X method in use: TOURISTS
A4: State | B4: Name in hotel sheet | C4: Name in MMWQI sheet | D4: Name in LCC sheet | E4: Pantai hotels | F4: Total hotels (reported) | G4: Total hotels (sum of categories) | H4: Pantai rooms | I4: Total rooms | J4: Pantai share | K4: Domestic tourists ('000) | L4: Est. beach tourists ('000) = share × tourists | M4: X raw | N4: MMWQI stations (n) | O4: MMWQI mean | P4: MMWQI min | Q4: MMWQI max | R4: LCC survey sites | S4: LCC (%) | U4: Has hotel data | V4: Has MMWQI | W4: Has LCC | X4: Has tourists | Y4: Included in index | Z4: X | AA4: Y | AB4: Z | AC4: TSRI | AD4: TSRI (0–1) | AE4: Rank (1 = highest risk) | AF4: Data check | AG4: Core data complete | AH4: LCC substituted
A5: Johor | B5: Johor | C5: Johor | D5: Johor | E5: =SUMPRODUCT((hotel_location_2025!$A$2:$A$110=$B5)*(hotel_location_2025!$B$2:$B$110="Pantai/ Beach")*hotel_location_2025!$C$2:$C$110) -> 67 | F5: =SUMPRODUCT((hotel_location_2025!$A$2:$A$110=$B5)*(hotel_location_2025!$B$2:$B$110="Jumlah/ Total")*hotel_location_2025!$C$2:$C$110) -> 496 | G5: =SUMPRODUCT((hotel_location_2025!$A$2:$A$110=$B5)*(hotel_location_2025!$B$2:$B$110<>"Jumlah/ Total")*hotel_location_2025!$C$2:$C$110) -> 475 | H5: =SUMPRODUCT((hotel_location_2025!$A$2:$A$110=$B5)*(hotel_location_2025!$B$2:$B$110="Pantai/ Beach")*hotel_location_2025!$D$2:$D$110) -> 4476 | I5: =SUMPRODUCT((hotel_location_2025!$A$2:$A$110=$B5)*(hotel_location_2025!$B$2:$B$110="Jumlah/ Total")*hotel_location_2025!$D$2:$D$110) -> 33768 | J5: =IF(U5=0,"",IFERROR(IF(CTRS_Control!$C$5="ROOMS",H5/I5,E5/IF(CTRS_Control!$C$6="SUM_CATEGORIES",G5,F5)),"")) -> 0.13508065 | K5: =IF(ISNUMBER(INDEX(CTRS_Inputs!$D$6:$D$19,MATCH($A5,CTRS_Inputs!$A$6:$A$19,0))),INDEX(CTRS_Inputs!$D$6:$D$19,MATCH($A5,CTRS_Inputs!$A$6:$A$19,0)),"") -> 9821.9 | L5: =IF(AND(ISNUMBER(J5),ISNUMBER(K5)),J5*K5,"") -> 1326.7486 | M5: =IF(AG5=0,"",IF(CTRS_Control!$C$8="TOURISTS",IF(ISNUMBER(L5),L5,""),J5)) -> 1326.7486 | N5: =COUNTIF(MMWQI!$A$2:$A$400,$C5) -> 29 | O5: =IF(N5=0,"",AVERAGEIFS(INDEX(MMWQI!$E$2:$I$400,0,MATCH(VALUE(CTRS_Control!$C$10),MMWQI!$E$1:$I$1,0)),MMWQI!$A$2:$A$400,$C5)) -> 82.37931 | P5: =IF(N5=0,"",_xlfn.MINIFS(INDEX(MMWQI!$E$2:$I$400,0,MATCH(VALUE(CTRS_Control!$C$10),MMWQI!$E$1:$I$1,0)),MMWQI!$A$2:$A$400,$C5)) -> 52 | Q5: =IF(N5=0,"",_xlfn.MAXIFS(INDEX(MMWQI!$E$2:$I$400,0,MATCH(VALUE(CTRS_Control!$C$10),MMWQI!$E$1:$I$1,0)),MMWQI!$A$2:$A$400,$C5)) -> 96 | R5: =SUMIF(LCC!$B$2:$B$200,$D5,LCC!$D$2:$D$200) -> 84 | S5: =IF(R5>0,IF(CTRS_Control!$C$11="SITES",SUMPRODUCT((LCC!$B$2:$B$200=$D5)*LCC!$D$2:$D$200*LCC!$F$2:$F$200)/R5,AVERAGEIFS(LCC!$F$2:$F$200,LCC!$B$2:$B$200,$D5)),IF(AND(U5=1,V5=1),IF(CTRS_Control!$C$19="ZERO",0,IF(CTRS_Control!$C$19="NO_STRESS",100,"")),"")) -> 54.880238 | U5: =IF(COUNTIF(hotel_location_2025!$A$2:$A$110,$B5)>0,1,0) -> 1 | V5: =IF(N5>0,1,0) -> 1 | W5: =IF(R5>0,1,0) -> 1 | X5: =IF(ISNUMBER(K5),1,0) -> 1 | Y5: =IF(AND(AG5=1,ISNUMBER(M5)),1,0) -> 1 | Z5: =IF(Y5=1,IFERROR(IF(CTRS_Control!$C$9="MINMAX",(M5-MIN($M$5:$M$18))/(MAX($M$5:$M$18)-MIN($M$5:$M$18)),M5/MAX($M$5:$M$18)),0),"") -> 0.42597663 | AA5: =IF(Y5=1,IF(AND(R5=0,CTRS_Control!$C$19="MMWQI_ONLY"),1-O5/100,CTRS_Control!$C$15*(1-O5/100)+CTRS_Control!$C$16*(1-S5/100)),"") -> 0.31370226 | AB5: =IF(Y5=1,IF(ISNUMBER(CTRS_Z!$H5),CTRS_Z!$H5,0),"") -> 0.17832116 | AC5: =IF(Y5=1,CTRS_Control!$C$12*Z5+CTRS_Control!$C$13*AA5-CTRS_Control!$C$14*AB5,"") -> 0.18711924 | AD5: =IF(Y5=1,(AC5+CTRS_Control!$C$14)/(CTRS_Control!$C$12+CTRS_Control!$C$13+CTRS_Control!$C$14),"") -> 0.52045258 | AE5: =IF(Y5=1,RANK(AC5,$AC$5:$AC$18,0)+COUNTIF($AC$5:AC5,AC5)-1,"") -> 8 | AF5: =IF(U5=0,"No hotel data",IF(V5=0,"No MMWQI stations",IF(AND(W5=0,CTRS_Control!$C$19="EXCLUDE"),"No LCC sites",IF(AND(CTRS_Control!$C$8="TOURISTS",X5=0),"No tourist count",TRIM(IF(AH5=1,"No LCC data → substituted ("&CTRS_Control!$C$19&"). ","")&IF(F5<>G5,"Hotels: reported total "&F5&" ≠ sum of categories "&G5&". ","")&IF(I5<>SUMPRODUCT((hotel_location_2025!$A$2:$A$110=$B5)*(hotel_location_2025!$B$2:$B$110<>"Jumlah/ Total")*hotel_location_2025!$D$2:$D$110),"Rooms: reported total "&I5&" ≠ sum of categories "&SUMPRODUCT((hotel_location_2025!$A$2:$A$110=$B5)*(hotel_location_2025!$B$2:$B$110<>"Jumlah/ Total")*hotel_location_2025!$D$2:$D$110),"")))))) -> Hotels: reported total 496 ≠ sum of categories 475. | AG5: =U5*V5*IF(OR(W5=1,CTRS_Control!$C$19<>"EXCLUDE"),1,0) -> 1 | AH5: =IF(AND(Y5=1,R5=0),1,0) -> 0
A6: Kedah | B6: Kedah | C6: Kedah | D6: Kedah | E6: =SUMPRODUCT((hotel_location_2025!$A$2:$A$110=$B6)*(hotel_location_2025!$B$2:$B$110="Pantai/ Beach")*hotel_location_2025!$C$2:$C$110) -> 71 | F6: =SUMPRODUCT((hotel_location_2025!$A$2:$A$110=$B6)*(hotel_location_2025!$B$2:$B$110="Jumlah/ Total")*hotel_location_2025!$C$2:$C$110) -> 179 | G6: =SUMPRODUCT((hotel_location_2025!$A$2:$A$110=$B6)*(hotel_location_2025!$B$2:$B$110<>"Jumlah/ Total")*hotel_location_2025!$C$2:$C$110) -> 179 | H6: =SUMPRODUCT((hotel_location_2025!$A$2:$A$110=$B6)*(hotel_location_2025!$B$2:$B$110="Pantai/ Beach")*hotel_location_2025!$D$2:$D$110) -> 5256 | I6: =SUMPRODUCT((hotel_location_2025!$A$2:$A$110=$B6)*(hotel_location_2025!$B$2:$B$110="Jumlah/ Total")*hotel_location_2025!$D$2:$D$110) -> 13539 | J6: =IF(U6=0,"",IFERROR(IF(CTRS_Control!$C$5="ROOMS",H6/I6,E6/IF(CTRS_Control!$C$6="SUM_CATEGORIES",G6,F6)),"")) -> 0.39664804 | K6: =IF(ISNUMBER(INDEX(CTRS_Inputs!$D$6:$D$19,MATCH($A6,CTRS_Inputs!$A$6:$A$19,0))),INDEX(CTRS_Inputs!$D$6:$D$19,MATCH($A6,CTRS_Inputs!$A$6:$A$19,0)),"") -> 7124.845 | L6: =IF(AND(ISNUMBER(J6),ISNUMBER(K6)),J6*K6,"") -> 2826.0558 | M6: =IF(AG6=0,"",IF(CTRS_Control!$C$8="TOURISTS",IF(ISNUMBER(L6),L6,""),J6)) -> 2826.0558 | N6: =COUNTIF(MMWQI!$A$2:$A$400,$C6) -> 9 | O6: =IF(N6=0,"",AVERAGEIFS(INDEX(MMWQI!$E$2:$I$400,0,MATCH(VALUE(CTRS_Control!$C$10),MMWQI!$E$1:$I$1,0)),MMWQI!$A$2:$A$400,$C6)) -> 94.222222 | P6: =IF(N6=0,"",_xlfn.MINIFS(INDEX(MMWQI!$E$2:$I$400,0,MATCH(VALUE(CTRS_Control!$C$10),MMWQI!$E$1:$I$1,0)),MMWQI!$A$2:$A$400,$C6)) -> 88 | Q6: =IF(N6=0,"",_xlfn.MAXIFS(INDEX(MMWQI!$E$2:$I$400,0,MATCH(VALUE(CTRS_Control!$C$10),MMWQI!$E$1:$I$1,0)),MMWQI!$A$2:$A$400,$C6)) -> 96 | R6: =SUMIF(LCC!$B$2:$B$200,$D6,LCC!$D$2:$D$200) -> 6 | S6: =IF(R6>0,IF(CTRS_Control!$C$11="SITES",SUMPRODUCT((LCC!$B$2:$B$200=$D6)*LCC!$D$2:$D$200*LCC!$F$2:$F$200)/R6,AVERAGEIFS(LCC!$F$2:$F$200,LCC!$B$2:$B$200,$D6)),IF(AND(U6=1,V6=1),IF(CTRS_Control!$C$19="ZERO",0,IF(CTRS_Control!$C$19="NO_STRESS",100,"")),"")) -> 58.858333 | U6: =IF(COUNTIF(hotel_location_2025!$A$2:$A$110,$B6)>0,1,0) -> 1 | V6: =IF(N6>0,1,0) -> 1 | W6: =IF(R6>0,1,0) -> 1 | X6: =IF(ISNUMBER(K6),1,0) -> 1 | Y6: =IF(AND(AG6=1,ISNUMBER(M6)),1,0) -> 1 | Z6: =IF(Y6=1,IFERROR(IF(CTRS_Control!$C$9="MINMAX",(M6-MIN($M$5:$M$18))/(MAX($M$5:$M$18)-MIN($M$5:$M$18)),M6/MAX($M$5:$M$18)),0),"") -> 0.90735633 | AA6: =IF(Y6=1,IF(AND(R6=0,CTRS_Control!$C$19="MMWQI_ONLY"),1-O6/100,CTRS_Control!$C$15*(1-O6/100)+CTRS_Control!$C$16*(1-S6/100)),"") -> 0.23459722 | AB6: =IF(Y6=1,IF(ISNUMBER(CTRS_Z!$H6),CTRS_Z!$H6,0),"") -> 0.029259082 | AC6: =IF(Y6=1,CTRS_Control!$C$12*Z6+CTRS_Control!$C$13*AA6-CTRS_Control!$C$14*AB6,"") -> 0.37089816 | AD6: =IF(Y6=1,(AC6+CTRS_Control!$C$14)/(CTRS_Control!$C$12+CTRS_Control!$C$13+CTRS_Control!$C$14),"") -> 0.70423149 | AE6: =IF(Y6=1,RANK(AC6,$AC$5:$AC$18,0)+COUNTIF($AC$5:AC6,AC6)-1,"") -> 2 | AF6: =IF(U6=0,"No hotel data",IF(V6=0,"No MMWQI stations",IF(AND(W6=0,CTRS_Control!$C$19="EXCLUDE"),"No LCC sites",IF(AND(CTRS_Control!$C$8="TOURISTS",X6=0),"No tourist count",TRIM(IF(AH6=1,"No LCC data → substituted ("&CTRS_Control!$C$19&"). ","")&IF(F6<>G6,"Hotels: reported total "&F6&" ≠ sum of categories "&G6&". ","")&IF(I6<>SUMPRODUCT((hotel_location_2025!$A$2:$A$110=$B6)*(hotel_location_2025!$B$2:$B$110<>"Jumlah/ Total")*hotel_location_2025!$D$2:$D$110),"Rooms: reported total "&I6&" ≠ sum of categories "&SUMPRODUCT((hotel_location_2025!$A$2:$A$110=$B6)*(hotel_location_2025!$B$2:$B$110<>"Jumlah/ Total")*hotel_location_2025!$D$2:$D$110),"")))))) | AG6: =U6*V6*IF(OR(W6=1,CTRS_Control!$C$19<>"EXCLUDE"),1,0) -> 1 | AH6: =IF(AND(Y6=1,R6=0),1,0) -> 0
A7: Kelantan | B7: Kelantan | C7: Kelantan | D7: Kelantan | E7: =SUMPRODUCT((hotel_location_2025!$A$2:$A$110=$B7)*(hotel_location_2025!$B$2:$B$110="Pantai/ Beach")*hotel_location_2025!$C$2:$C$110) -> 16 | F7: =SUMPRODUCT((hotel_location_2025!$A$2:$A$110=$B7)*(hotel_location_2025!$B$2:$B$110="Jumlah/ Total")*hotel_location_2025!$C$2:$C$110) -> 91 | G7: =SUMPRODUCT((hotel_location_2025!$A$2:$A$110=$B7)*(hotel_location_2025!$B$2:$B$110<>"Jumlah/ Total")*hotel_location_2025!$C$2:$C$110) -> 91 | H7: =SUMPRODUCT((hotel_location_2025!$A$2:$A$110=$B7)*(hotel_location_2025!$B$2:$B$110="Pantai/ Beach")*hotel_location_2025!$D$2:$D$110) -> 679 | I7: =SUMPRODUCT((hotel_location_2025!$A$2:$A$110=$B7)*(hotel_location_2025!$B$2:$B$110="Jumlah/ Total")*hotel_location_2025!$D$2:$D$110) -> 4360 | J7: =IF(U7=0,"",IFERROR(IF(CTRS_Control!$C$5="ROOMS",H7/I7,E7/IF(CTRS_Control!$C$6="SUM_CATEGORIES",G7,F7)),"")) -> 0.17582418 | K7: =IF(ISNUMBER(INDEX(CTRS_Inputs!$D$6:$D$19,MATCH($A7,CTRS_Inputs!$A$6:$A$19,0))),INDEX(CTRS_Inputs!$D$6:$D$19,MATCH($A7,CTRS_Inputs!$A$6:$A$19,0)),"") -> 6512.13 | L7: =IF(AND(ISNUMBER(J7),ISNUMBER(K7)),J7*K7,"") -> 1144.9899 | M7: =IF(AG7=0,"",IF(CTRS_Control!$C$8="TOURISTS",IF(ISNUMBER(L7),L7,""),J7)) -> 1144.9899 | N7: =COUNTIF(MMWQI!$A$2:$A$400,$C7) -> 6 | O7: =IF(N7=0,"",AVERAGEIFS(INDEX(MMWQI!$E$2:$I$400,0,MATCH(VALUE(CTRS_Control!$C$10),MMWQI!$E$1:$I$1,0)),MMWQI!$A$2:$A$400,$C7)) -> 94.5 | P7: =IF(N7=0,"",_xlfn.MINIFS(INDEX(MMWQI!$E$2:$I$400,0,MATCH(VALUE(CTRS_Control!$C$10),MMWQI!$E$1:$I$1,0)),MMWQI!$A$2:$A$400,$C7)) -> 93 | Q7: =IF(N7=0,"",_xlfn.MAXIFS(INDEX(MMWQI!$E$2:$I$400,0,MATCH(VALUE(CTRS_Control!$C$10),MMWQI!$E$1:$I$1,0)),MMWQI!$A$2:$A$400,$C7)) -> 95 | R7: =SUMIF(LCC!$B$2:$B$200,$D7,LCC!$D$2:$D$200) -> 0 | S7: =IF(R7>0,IF(CTRS_Control!$C$11="SITES",SUMPRODUCT((LCC!$B$2:$B$200=$D7)*LCC!$D$2:$D$200*LCC!$F$2:$F$200)/R7,AVERAGEIFS(LCC!$F$2:$F$200,LCC!$B$2:$B$200,$D7)),IF(AND(U7=1,V7=1),IF(CTRS_Control!$C$19="ZERO",0,IF(CTRS_Control!$C$19="NO_STRESS",100,"")),"")) -> 0 | U7: =IF(COUNTIF(hotel_location_2025!$A$2:$A$110,$B7)>0,1,0) -> 1 | V7: =IF(N7>0,1,0) -> 1 | W7: =IF(R7>0,1,0) -> 0 | X7: =IF(ISNUMBER(K7),1,0) -> 1 | Y7: =IF(AND(AG7=1,ISNUMBER(M7)),1,0) -> 1 | Z7: =IF(Y7=1,IFERROR(IF(CTRS_Control!$C$9="MINMAX",(M7-MIN($M$5:$M$18))/(MAX($M$5:$M$18)-MIN($M$5:$M$18)),M7/MAX($M$5:$M$18)),0),"") -> 0.36761971 | AA7: =IF(Y7=1,IF(AND(R7=0,CTRS_Control!$C$19="MMWQI_ONLY"),1-O7/100,CTRS_Control!$C$15*(1-O7/100)+CTRS_Control!$C$16*(1-S7/100)),"") -> 0.5275 | AB7: =IF(Y7=1,IF(ISNUMBER(CTRS_Z!$H7),CTRS_Z!$H7,0),"") -> 0 | AC7: =IF(Y7=1,CTRS_Control!$C$12*Z7+CTRS_Control!$C$13*AA7-CTRS_Control!$C$14*AB7,"") -> 0.29837324 | AD7: =IF(Y7=1,(AC7+CTRS_Control!$C$14)/(CTRS_Control!$C$12+CTRS_Control!$C$13+CTRS_Control!$C$14),"") -> 0.63170657 | AE7: =IF(Y7=1,RANK(AC7,$AC$5:$AC$18,0)+COUNTIF($AC$5:AC7,AC7)-1,"") -> 4 | AF7: =IF(U7=0,"No hotel data",IF(V7=0,"No MMWQI stations",IF(AND(W7=0,CTRS_Control!$C$19="EXCLUDE"),"No LCC sites",IF(AND(CTRS_Control!$C$8="TOURISTS",X7=0),"No tourist count",TRIM(IF(AH7=1,"No LCC data → substituted ("&CTRS_Control!$C$19&"). ","")&IF(F7<>G7,"Hotels: reported total "&F7&" ≠ sum of categories "&G7&". ","")&IF(I7<>SUMPRODUCT((hotel_location_2025!$A$2:$A$110=$B7)*(hotel_location_2025!$B$2:$B$110<>"Jumlah/ Total")*hotel_location_2025!$D$2:$D$110),"Rooms: reported total "&I7&" ≠ sum of categories "&SUMPRODUCT((hotel_location_2025!$A$2:$A$110=$B7)*(hotel_location_2025!$B$2:$B$110<>"Jumlah/ Total")*hotel_location_2025!$D$2:$D$110),"")))))) -> No LCC data → substituted (ZERO). | AG7: =U7*V7*IF(OR(W7=1,CTRS_Control!$C$19<>"EXCLUDE"),1,0) -> 1 | AH7: =IF(AND(Y7=1,R7=0),1,0) -> 1
A8: Melaka | B8: Melaka | C8: Melaka | D8: Malacca | E8: =SUMPRODUCT((hotel_location_2025!$A$2:$A$110=$B8)*(hotel_location_2025!$B$2:$B$110="Pantai/ Beach")*hotel_location_2025!$C$2:$C$110) -> 23 | F8: =SUMPRODUCT((hotel_location_2025!$A$2:$A$110=$B8)*(hotel_location_2025!$B$2:$B$110="Jumlah/ Total")*hotel_location_2025!$C$2:$C$110) -> 181 | G8: =SUMPRODUCT((hotel_location_2025!$A$2:$A$110=$B8)*(hotel_location_2025!$B$2:$B$110<>"Jumlah/ Total")*hotel_location_2025!$C$2:$C$110) -> 181 | H8: =SUMPRODUCT((hotel_location_2025!$A$2:$A$110=$B8)*(hotel_location_2025!$B$2:$B$110="Pantai/ Beach")*hotel_location_2025!$D$2:$D$110) -> 3616 | I8: =SUMPRODUCT((hotel_location_2025!$A$2:$A$110=$B8)*(hotel_location_2025!$B$2:$B$110="Jumlah/ Total")*hotel_location_2025!$D$2:$D$110) -> 20550 | J8: =IF(U8=0,"",IFERROR(IF(CTRS_Control!$C$5="ROOMS",H8/I8,E8/IF(CTRS_Control!$C$6="SUM_CATEGORIES",G8,F8)),"")) -> 0.12707182 | K8: =IF(ISNUMBER(INDEX(CTRS_Inputs!$D$6:$D$19,MATCH($A8,CTRS_Inputs!$A$6:$A$19,0))),INDEX(CTRS_Inputs!$D$6:$D$19,MATCH($A8,CTRS_Inputs!$A$6:$A$19,0)),"") -> 7178.6905 | L8: =IF(AND(ISNUMBER(J8),ISNUMBER(K8)),J8*K8,"") -> 912.20929 | M8: =IF(AG8=0,"",IF(CTRS_Control!$C$8="TOURISTS",IF(ISNUMBER(L8),L8,""),J8)) -> 912.20929 | N8: =COUNTIF(MMWQI!$A$2:$A$400,$C8) -> 9 | O8: =IF(N8=0,"",AVERAGEIFS(INDEX(MMWQI!$E$2:$I$400,0,MATCH(VALUE(CTRS_Control!$C$10),MMWQI!$E$1:$I$1,0)),MMWQI!$A$2:$A$400,$C8)) -> 80.888889 | P8: =IF(N8=0,"",_xlfn.MINIFS(INDEX(MMWQI!$E$2:$I$400,0,MATCH(VALUE(CTRS_Control!$C$10),MMWQI!$E$1:$I$1,0)),MMWQI!$A$2:$A$400,$C8)) -> 58 | Q8: =IF(N8=0,"",_xlfn.MAXIFS(INDEX(MMWQI!$E$2:$I$400,0,MATCH(VALUE(CTRS_Control!$C$10),MMWQI!$E$1:$I$1,0)),MMWQI!$A$2:$A$400,$C8)) -> 91 | R8: =SUMIF(LCC!$B$2:$B$200,$D8,LCC!$D$2:$D$200) -> 5 | S8: =IF(R8>0,IF(CTRS_Control!$C$11="SITES",SUMPRODUCT((LCC!$B$2:$B$200=$D8)*LCC!$D$2:$D$200*LCC!$F$2:$F$200)/R8,AVERAGEIFS(LCC!$F$2:$F$200,LCC!$B$2:$B$200,$D8)),IF(AND(U8=1,V8=1),IF(CTRS_Control!$C$19="ZERO",0,IF(CTRS_Control!$C$19="NO_STRESS",100,"")),"")) -> 30.13 | U8: =IF(COUNTIF(hotel_location_2025!$A$2:$A$110,$B8)>0,1,0) -> 1 | V8: =IF(N8>0,1,0) -> 1 | W8: =IF(R8>0,1,0) -> 1 | X8: =IF(ISNUMBER(K8),1,0) -> 1 | Y8: =IF(AND(AG8=1,ISNUMBER(M8)),1,0) -> 1 | Z8: =IF(Y8=1,IFERROR(IF(CTRS_Control!$C$9="MINMAX",(M8-MIN($M$5:$M$18))/(MAX($M$5:$M$18)-MIN($M$5:$M$18)),M8/MAX($M$5:$M$18)),0),"") -> 0.29288129 | AA8: =IF(Y8=1,IF(AND(R8=0,CTRS_Control!$C$19="MMWQI_ONLY"),1-O8/100,CTRS_Control!$C$15*(1-O8/100)+CTRS_Control!$C$16*(1-S8/100)),"") -> 0.44490556 | AB8: =IF(Y8=1,IF(ISNUMBER(CTRS_Z!$H8),CTRS_Z!$H8,0),"") -> 0.66325507 | AC8: =IF(Y8=1,CTRS_Control!$C$12*Z8+CTRS_Control!$C$13*AA8-CTRS_Control!$C$14*AB8,"") -> 0.024843926 | AD8: =IF(Y8=1,(AC8+CTRS_Control!$C$14)/(CTRS_Control!$C$12+CTRS_Control!$C$13+CTRS_Control!$C$14),"") -> 0.35817726 | AE8: =IF(Y8=1,RANK(AC8,$AC$5:$AC$18,0)+COUNTIF($AC$5:AC8,AC8)-1,"") -> 12 | AF8: =IF(U8=0,"No hotel data",IF(V8=0,"No MMWQI stations",IF(AND(W8=0,CTRS_Control!$C$19="EXCLUDE"),"No LCC sites",IF(AND(CTRS_Control!$C$8="TOURISTS",X8=0),"No tourist count",TRIM(IF(AH8=1,"No LCC data → substituted ("&CTRS_Control!$C$19&"). ","")&IF(F8<>G8,"Hotels: reported total "&F8&" ≠ sum of categories "&G8&". ","")&IF(I8<>SUMPRODUCT((hotel_location_2025!$A$2:$A$110=$B8)*(hotel_location_2025!$B$2:$B$110<>"Jumlah/ Total")*hotel_location_2025!$D$2:$D$110),"Rooms: reported total "&I8&" ≠ sum of categories "&SUMPRODUCT((hotel_location_2025!$A$2:$A$110=$B8)*(hotel_location_2025!$B$2:$B$110<>"Jumlah/ Total")*hotel_location_2025!$D$2:$D$110),"")))))) | AG8: =U8*V8*IF(OR(W8=1,CTRS_Control!$C$19<>"EXCLUDE"),1,0) -> 1 | AH8: =IF(AND(Y8=1,R8=0),1,0) -> 0
A9: Negeri Sembilan | B9: Negeri Sembilan | C9: N. Sembilan | D9: Ng. Sembilan | E9: =SUMPRODUCT((hotel_location_2025!$A$2:$A$110=$B9)*(hotel_location_2025!$B$2:$B$110="Pantai/ Beach")*hotel_location_2025!$C$2:$C$110) -> 39 | F9: =SUMPRODUCT((hotel_location_2025!$A$2:$A$110=$B9)*(hotel_location_2025!$B$2:$B$110="Jumlah/ Total")*hotel_location_2025!$C$2:$C$110) -> 160 | G9: =SUMPRODUCT((hotel_location_2025!$A$2:$A$110=$B9)*(hotel_location_2025!$B$2:$B$110<>"Jumlah/ Total")*hotel_location_2025!$C$2:$C$110) -> 160 | H9: =SUMPRODUCT((hotel_location_2025!$A$2:$A$110=$B9)*(hotel_location_2025!$B$2:$B$110="Pantai/ Beach")*hotel_location_2025!$D$2:$D$110) -> 6057 | I9: =SUMPRODUCT((hotel_location_2025!$A$2:$A$110=$B9)*(hotel_location_2025!$B$2:$B$110="Jumlah/ Total")*hotel_location_2025!$D$2:$D$110) -> 13274 | J9: =IF(U9=0,"",IFERROR(IF(CTRS_Control!$C$5="ROOMS",H9/I9,E9/IF(CTRS_Control!$C$6="SUM_CATEGORIES",G9,F9)),"")) -> 0.24375 | K9: =IF(ISNUMBER(INDEX(CTRS_Inputs!$D$6:$D$19,MATCH($A9,CTRS_Inputs!$A$6:$A$19,0))),INDEX(CTRS_Inputs!$D$6:$D$19,MATCH($A9,CTRS_Inputs!$A$6:$A$19,0)),"") -> 6547.023 | L9: =IF(AND(ISNUMBER(J9),ISNUMBER(K9)),J9*K9,"") -> 1595.8369 | M9: =IF(AG9=0,"",IF(CTRS_Control!$C$8="TOURISTS",IF(ISNUMBER(L9),L9,""),J9)) -> 1595.8369 | N9: =COUNTIF(MMWQI!$A$2:$A$400,$C9) -> 14 | O9: =IF(N9=0,"",AVERAGEIFS(INDEX(MMWQI!$E$2:$I$400,0,MATCH(VALUE(CTRS_Control!$C$10),MMWQI!$E$1:$I$1,0)),MMWQI!$A$2:$A$400,$C9)) -> 91.857143 | P9: =IF(N9=0,"",_xlfn.MINIFS(INDEX(MMWQI!$E$2:$I$400,0,MATCH(VALUE(CTRS_Control!$C$10),MMWQI!$E$1:$I$1,0)),MMWQI!$A$2:$A$400,$C9)) -> 89 | Q9: =IF(N9=0,"",_xlfn.MAXIFS(INDEX(MMWQI!$E$2:$I$400,0,MATCH(VALUE(CTRS_Control!$C$10),MMWQI!$E$1:$I$1,0)),MMWQI!$A$2:$A$400,$C9)) -> 95 | R9: =SUMIF(LCC!$B$2:$B$200,$D9,LCC!$D$2:$D$200) -> 2 | S9: =IF(R9>0,IF(CTRS_Control!$C$11="SITES",SUMPRODUCT((LCC!$B$2:$B$200=$D9)*LCC!$D$2:$D$200*LCC!$F$2:$F$200)/R9,AVERAGEIFS(LCC!$F$2:$F$200,LCC!$B$2:$B$200,$D9)),IF(AND(U9=1,V9=1),IF(CTRS_Control!$C$19="ZERO",0,IF(CTRS_Control!$C$19="NO_STRESS",100,"")),"")) -> 16.56 | U9: =IF(COUNTIF(hotel_location_2025!$A$2:$A$110,$B9)>0,1,0) -> 1 | V9: =IF(N9>0,1,0) -> 1 | W9: =IF(R9>0,1,0) -> 1 | X9: =IF(ISNUMBER(K9),1,0) -> 1 | Y9: =IF(AND(AG9=1,ISNUMBER(M9)),1,0) -> 1 | Z9: =IF(Y9=1,IFERROR(IF(CTRS_Control!$C$9="MINMAX",(M9-MIN($M$5:$M$18))/(MAX($M$5:$M$18)-MIN($M$5:$M$18)),M9/MAX($M$5:$M$18)),0),"") -> 0.51237228 | AA9: =IF(Y9=1,IF(AND(R9=0,CTRS_Control!$C$19="MMWQI_ONLY"),1-O9/100,CTRS_Control!$C$15*(1-O9/100)+CTRS_Control!$C$16*(1-S9/100)),"") -> 0.45791429 | AB9: =IF(Y9=1,IF(ISNUMBER(CTRS_Z!$H9),CTRS_Z!$H9,0),"") -> 0.54556922 | AC9: =IF(Y9=1,CTRS_Control!$C$12*Z9+CTRS_Control!$C$13*AA9-CTRS_Control!$C$14*AB9,"") -> 0.14157245 | AD9: =IF(Y9=1,(AC9+CTRS_Control!$C$14)/(CTRS_Control!$C$12+CTRS_Control!$C$13+CTRS_Control!$C$14),"") -> 0.47490578 | AE9: =IF(Y9=1,RANK(AC9,$AC$5:$AC$18,0)+COUNTIF($AC$5:AC9,AC9)-1,"") -> 11 | AF9: =IF(U9=0,"No hotel data",IF(V9=0,"No MMWQI stations",IF(AND(W9=0,CTRS_Control!$C$19="EXCLUDE"),"No LCC sites",IF(AND(CTRS_Control!$C$8="TOURISTS",X9=0),"No tourist count",TRIM(IF(AH9=1,"No LCC data → substituted ("&CTRS_Control!$C$19&"). ","")&IF(F9<>G9,"Hotels: reported total "&F9&" ≠ sum of categories "&G9&". ","")&IF(I9<>SUMPRODUCT((hotel_location_2025!$A$2:$A$110=$B9)*(hotel_location_2025!$B$2:$B$110<>"Jumlah/ Total")*hotel_location_2025!$D$2:$D$110),"Rooms: reported total "&I9&" ≠ sum of categories "&SUMPRODUCT((hotel_location_2025!$A$2:$A$110=$B9)*(hotel_location_2025!$B$2:$B$110<>"Jumlah/ Total")*hotel_location_2025!$D$2:$D$110),"")))))) | AG9: =U9*V9*IF(OR(W9=1,CTRS_Control!$C$19<>"EXCLUDE"),1,0) -> 1 | AH9: =IF(AND(Y9=1,R9=0),1,0) -> 0
A10: Pahang | B10: Pahang | C10: Pahang | D10: Pahang | E10: =SUMPRODUCT((hotel_location_2025!$A$2:$A$110=$B10)*(hotel_location_2025!$B$2:$B$110="Pantai/ Beach")*hotel_location_2025!$C$2:$C$110) -> 86 | F10: =SUMPRODUCT((hotel_location_2025!$A$2:$A$110=$B10)*(hotel_location_2025!$B$2:$B$110="Jumlah/ Total")*hotel_location_2025!$C$2:$C$110) -> 305 | G10: =SUMPRODUCT((hotel_location_2025!$A$2:$A$110=$B10)*(hotel_location_2025!$B$2:$B$110<>"Jumlah/ Total")*hotel_location_2025!$C$2:$C$110) -> 305 | H10: =SUMPRODUCT((hotel_location_2025!$A$2:$A$110=$B10)*(hotel_location_2025!$B$2:$B$110="Pantai/ Beach")*hotel_location_2025!$D$2:$D$110) -> 4898 | I10: =SUMPRODUCT((hotel_location_2025!$A$2:$A$110=$B10)*(hotel_location_2025!$B$2:$B$110="Jumlah/ Total")*hotel_location_2025!$D$2:$D$110) -> 26037 | J10: =IF(U10=0,"",IFERROR(IF(CTRS_Control!$C$5="ROOMS",H10/I10,E10/IF(CTRS_Control!$C$6="SUM_CATEGORIES",G10,F10)),"")) -> 0.28196721 | K10: =IF(ISNUMBER(INDEX(CTRS_Inputs!$D$6:$D$19,MATCH($A10,CTRS_Inputs!$A$6:$A$19,0))),INDEX(CTRS_Inputs!$D$6:$D$19,MATCH($A10,CTRS_Inputs!$A$6:$A$19,0)),"") -> 11045.98 | L10: =IF(AND(ISNUMBER(J10),ISNUMBER(K10)),J10*K10,"") -> 3114.6042 | M10: =IF(AG10=0,"",IF(CTRS_Control!$C$8="TOURISTS",IF(ISNUMBER(L10),L10,""),J10)) -> 3114.6042 | N10: =COUNTIF(MMWQI!$A$2:$A$400,$C10) -> 22 | O10: =IF(N10=0,"",AVERAGEIFS(INDEX(MMWQI!$E$2:$I$400,0,MATCH(VALUE(CTRS_Control!$C$10),MMWQI!$E$1:$I$1,0)),MMWQI!$A$2:$A$400,$C10)) -> 93.363636 | P10: =IF(N10=0,"",_xlfn.MINIFS(INDEX(MMWQI!$E$2:$I$400,0,MATCH(VALUE(CTRS_Control!$C$10),MMWQI!$E$1:$I$1,0)),MMWQI!$A$2:$A$400,$C10)) -> 72 | Q10: =IF(N10=0,"",_xlfn.MAXIFS(INDEX(MMWQI!$E$2:$I$400,0,MATCH(VALUE(CTRS_Control!$C$10),MMWQI!$E$1:$I$1,0)),MMWQI!$A$2:$A$400,$C10)) -> 96 | R10: =SUMIF(LCC!$B$2:$B$200,$D10,LCC!$D$2:$D$200) -> 18 | S10: =IF(R10>0,IF(CTRS_Control!$C$11="SITES",SUMPRODUCT((LCC!$B$2:$B$200=$D10)*LCC!$D$2:$D$200*LCC!$F$2:$F$200)/R10,AVERAGEIFS(LCC!$F$2:$F$200,LCC!$B$2:$B$200,$D10)),IF(AND(U10=1,V10=1),IF(CTRS_Control!$C$19="ZERO",0,IF(CTRS_Control!$C$19="NO_STRESS",100,"")),"")) -> 53.34 | U10: =IF(COUNTIF(hotel_location_2025!$A$2:$A$110,$B10)>0,1,0) -> 1 | V10: =IF(N10>0,1,0) -> 1 | W10: =IF(R10>0,1,0) -> 1 | X10: =IF(ISNUMBER(K10),1,0) -> 1 | Y10: =IF(AND(AG10=1,ISNUMBER(M10)),1,0) -> 1 | Z10: =IF(Y10=1,IFERROR(IF(CTRS_Control!$C$9="MINMAX",(M10-MIN($M$5:$M$18))/(MAX($M$5:$M$18)-MIN($M$5:$M$18)),M10/MAX($M$5:$M$18)),0),"") -> 1 | AA10: =IF(Y10=1,IF(AND(R10=0,CTRS_Control!$C$19="MMWQI_ONLY"),1-O10/100,CTRS_Control!$C$15*(1-O10/100)+CTRS_Control!$C$16*(1-S10/100)),"") -> 0.26648182 | AB10: =IF(Y10=1,IF(ISNUMBER(CTRS_Z!$H10),CTRS_Z!$H10,0),"") -> 0.047504366 | AC10: =IF(Y10=1,CTRS_Control!$C$12*Z10+CTRS_Control!$C$13*AA10-CTRS_Control!$C$14*AB10,"") -> 0.40632582 | AD10: =IF(Y10=1,(AC10+CTRS_Control!$C$14)/(CTRS_Control!$C$12+CTRS_Control!$C$13+CTRS_Control!$C$14),"") -> 0.73965915 | AE10: =IF(Y10=1,RANK(AC10,$AC$5:$AC$18,0)+COUNTIF($AC$5:AC10,AC10)-1,"") -> 1 | AF10: =IF(U10=0,"No hotel data",IF(V10=0,"No MMWQI stations",IF(AND(W10=0,CTRS_Control!$C$19="EXCLUDE"),"No LCC sites",IF(AND(CTRS_Control!$C$8="TOURISTS",X10=0),"No tourist count",TRIM(IF(AH10=1,"No LCC data → substituted ("&CTRS_Control!$C$19&"). ","")&IF(F10<>G10,"Hotels: reported total "&F10&" ≠ sum of categories "&G10&". ","")&IF(I10<>SUMPRODUCT((hotel_location_2025!$A$2:$A$110=$B10)*(hotel_location_2025!$B$2:$B$110<>"Jumlah/ Total")*hotel_location_2025!$D$2:$D$110),"Rooms: reported total "&I10&" ≠ sum of categories "&SUMPRODUCT((hotel_location_2025!$A$2:$A$110=$B10)*(hotel_location_2025!$B$2:$B$110<>"Jumlah/ Total")*hotel_location_2025!$D$2:$D$110),"")))))) | AG10: =U10*V10*IF(OR(W10=1,CTRS_Control!$C$19<>"EXCLUDE"),1,0) -> 1 | AH10: =IF(AND(Y10=1,R10=0),1,0) -> 0
A11: Perak | B11: Perak | C11: Perak | D11: Perak | E11: =SUMPRODUCT((hotel_location_2025!$A$2:$A$110=$B11)*(hotel_location_2025!$B$2:$B$110="Pantai/ Beach")*hotel_location_2025!$C$2:$C$110) -> 51 | F11: =SUMPRODUCT((hotel_location_2025!$A$2:$A$110=$B11)*(hotel_location_2025!$B$2:$B$110="Jumlah/ Total")*hotel_location_2025!$C$2:$C$110) -> 341 | G11: =SUMPRODUCT((hotel_location_2025!$A$2:$A$110=$B11)*(hotel_location_2025!$B$2:$B$110<>"Jumlah/ Total")*hotel_location_2025!$C$2:$C$110) -> 341 | H11: =SUMPRODUCT((hotel_location_2025!$A$2:$A$110=$B11)*(hotel_location_2025!$B$2:$B$110="Pantai/ Beach")*hotel_location_2025!$D$2:$D$110) -> 3106 | I11: =SUMPRODUCT((hotel_location_2025!$A$2:$A$110=$B11)*(hotel_location_2025!$B$2:$B$110="Jumlah/ Total")*hotel_location_2025!$D$2:$D$110) -> 18181 | J11: =IF(U11=0,"",IFERROR(IF(CTRS_Control!$C$5="ROOMS",H11/I11,E11/IF(CTRS_Control!$C$6="SUM_CATEGORIES",G11,F11)),"")) -> 0.14956012 | K11: =IF(ISNUMBER(INDEX(CTRS_Inputs!$D$6:$D$19,MATCH($A11,CTRS_Inputs!$A$6:$A$19,0))),INDEX(CTRS_Inputs!$D$6:$D$19,MATCH($A11,CTRS_Inputs!$A$6:$A$19,0)),"") -> 10413.82 | L11: =IF(AND(ISNUMBER(J11),ISNUMBER(K11)),J11*K11,"") -> 1557.4921 | M11: =IF(AG11=0,"",IF(CTRS_Control!$C$8="TOURISTS",IF(ISNUMBER(L11),L11,""),J11)) -> 1557.4921 | N11: =COUNTIF(MMWQI!$A$2:$A$400,$C11) -> 8 | O11: =IF(N11=0,"",AVERAGEIFS(INDEX(MMWQI!$E$2:$I$400,0,MATCH(VALUE(CTRS_Control!$C$10),MMWQI!$E$1:$I$1,0)),MMWQI!$A$2:$A$400,$C11)) -> 93.375 | P11: =IF(N11=0,"",_xlfn.MINIFS(INDEX(MMWQI!$E$2:$I$400,0,MATCH(VALUE(CTRS_Control!$C$10),MMWQI!$E$1:$I$1,0)),MMWQI!$A$2:$A$400,$C11)) -> 91 | Q11: =IF(N11=0,"",_xlfn.MAXIFS(INDEX(MMWQI!$E$2:$I$400,0,MATCH(VALUE(CTRS_Control!$C$10),MMWQI!$E$1:$I$1,0)),MMWQI!$A$2:$A$400,$C11)) -> 96 | R11: =SUMIF(LCC!$B$2:$B$200,$D11,LCC!$D$2:$D$200) -> 10 | S11: =IF(R11>0,IF(CTRS_Control!$C$11="SITES",SUMPRODUCT((LCC!$B$2:$B$200=$D11)*LCC!$D$2:$D$200*LCC!$F$2:$F$200)/R11,AVERAGEIFS(LCC!$F$2:$F$200,LCC!$B$2:$B$200,$D11)),IF(AND(U11=1,V11=1),IF(CTRS_Control!$C$19="ZERO",0,IF(CTRS_Control!$C$19="NO_STRESS",100,"")),"")) -> 32.504 | U11: =IF(COUNTIF(hotel_location_2025!$A$2:$A$110,$B11)>0,1,0) -> 1 | V11: =IF(N11>0,1,0) -> 1 | W11: =IF(R11>0,1,0) -> 1 | X11: =IF(ISNUMBER(K11),1,0) -> 1 | Y11: =IF(AND(AG11=1,ISNUMBER(M11)),1,0) -> 1 | Z11: =IF(Y11=1,IFERROR(IF(CTRS_Control!$C$9="MINMAX",(M11-MIN($M$5:$M$18))/(MAX($M$5:$M$18)-MIN($M$5:$M$18)),M11/MAX($M$5:$M$18)),0),"") -> 0.50006102 | AA11: =IF(Y11=1,IF(AND(R11=0,CTRS_Control!$C$19="MMWQI_ONLY"),1-O11/100,CTRS_Control!$C$15*(1-O11/100)+CTRS_Control!$C$16*(1-S11/100)),"") -> 0.370605 | AB11: =IF(Y11=1,IF(ISNUMBER(CTRS_Z!$H11),CTRS_Z!$H11,0),"") -> 0 | AC11: =IF(Y11=1,CTRS_Control!$C$12*Z11+CTRS_Control!$C$13*AA11-CTRS_Control!$C$14*AB11,"") -> 0.29022201 | AD11: =IF(Y11=1,(AC11+CTRS_Control!$C$14)/(CTRS_Control!$C$12+CTRS_Control!$C$13+CTRS_Control!$C$14),"") -> 0.62355534 | AE11: =IF(Y11=1,RANK(AC11,$AC$5:$AC$18,0)+COUNTIF($AC$5:AC11,AC11)-1,"") -> 5 | AF11: =IF(U11=0,"No hotel data",IF(V11=0,"No MMWQI stations",IF(AND(W11=0,CTRS_Control!$C$19="EXCLUDE"),"No LCC sites",IF(AND(CTRS_Control!$C$8="TOURISTS",X11=0),"No tourist count",TRIM(IF(AH11=1,"No LCC data → substituted ("&CTRS_Control!$C$19&"). ","")&IF(F11<>G11,"Hotels: reported total "&F11&" ≠ sum of categories "&G11&". ","")&IF(I11<>SUMPRODUCT((hotel_location_2025!$A$2:$A$110=$B11)*(hotel_location_2025!$B$2:$B$110<>"Jumlah/ Total")*hotel_location_2025!$D$2:$D$110),"Rooms: reported total "&I11&" ≠ sum of categories "&SUMPRODUCT((hotel_location_2025!$A$2:$A$110=$B11)*(hotel_location_2025!$B$2:$B$110<>"Jumlah/ Total")*hotel_location_2025!$D$2:$D$110),"")))))) | AG11: =U11*V11*IF(OR(W11=1,CTRS_Control!$C$19<>"EXCLUDE"),1,0) -> 1 | AH11: =IF(AND(Y11=1,R11=0),1,0) -> 0
A12: Perlis | B12: Perlis | C12: Perlis | D12: Perlis | E12: =SUMPRODUCT((hotel_location_2025!$A$2:$A$110=$B12)*(hotel_location_2025!$B$2:$B$110="Pantai/ Beach")*hotel_location_2025!$C$2:$C$110) -> 2 | F12: =SUMPRODUCT((hotel_location_2025!$A$2:$A$110=$B12)*(hotel_location_2025!$B$2:$B$110="Jumlah/ Total")*hotel_location_2025!$C$2:$C$110) -> 33 | G12: =SUMPRODUCT((hotel_location_2025!$A$2:$A$110=$B12)*(hotel_location_2025!$B$2:$B$110<>"Jumlah/ Total")*hotel_location_2025!$C$2:$C$110) -> 33 | H12: =SUMPRODUCT((hotel_location_2025!$A$2:$A$110=$B12)*(hotel_location_2025!$B$2:$B$110="Pantai/ Beach")*hotel_location_2025!$D$2:$D$110) -> 150 | I12: =SUMPRODUCT((hotel_location_2025!$A$2:$A$110=$B12)*(hotel_location_2025!$B$2:$B$110="Jumlah/ Total")*hotel_location_2025!$D$2:$D$110) -> 1321 | J12: =IF(U12=0,"",IFERROR(IF(CTRS_Control!$C$5="ROOMS",H12/I12,E12/IF(CTRS_Control!$C$6="SUM_CATEGORIES",G12,F12)),"")) -> 0.060606061 | K12: =IF(ISNUMBER(INDEX(CTRS_Inputs!$D$6:$D$19,MATCH($A12,CTRS_Inputs!$A$6:$A$19,0))),INDEX(CTRS_Inputs!$D$6:$D$19,MATCH($A12,CTRS_Inputs!$A$6:$A$19,0)),"") -> 1474.936 | L12: =IF(AND(ISNUMBER(J12),ISNUMBER(K12)),J12*K12,"") -> 89.390061 | M12: =IF(AG12=0,"",IF(CTRS_Control!$C$8="TOURISTS",IF(ISNUMBER(L12),L12,""),J12)) | N12: =COUNTIF(MMWQI!$A$2:$A$400,$C12) -> 0 | O12: =IF(N12=0,"",AVERAGEIFS(INDEX(MMWQI!$E$2:$I$400,0,MATCH(VALUE(CTRS_Control!$C$10),MMWQI!$E$1:$I$1,0)),MMWQI!$A$2:$A$400,$C12)) | P12: =IF(N12=0,"",_xlfn.MINIFS(INDEX(MMWQI!$E$2:$I$400,0,MATCH(VALUE(CTRS_Control!$C$10),MMWQI!$E$1:$I$1,0)),MMWQI!$A$2:$A$400,$C12)) | Q12: =IF(N12=0,"",_xlfn.MAXIFS(INDEX(MMWQI!$E$2:$I$400,0,MATCH(VALUE(CTRS_Control!$C$10),MMWQI!$E$1:$I$1,0)),MMWQI!$A$2:$A$400,$C12)) | R12: =SUMIF(LCC!$B$2:$B$200,$D12,LCC!$D$2:$D$200) -> 0 | S12: =IF(R12>0,IF(CTRS_Control!$C$11="SITES",SUMPRODUCT((LCC!$B$2:$B$200=$D12)*LCC!$D$2:$D$200*LCC!$F$2:$F$200)/R12,AVERAGEIFS(LCC!$F$2:$F$200,LCC!$B$2:$B$200,$D12)),IF(AND(U12=1,V12=1),IF(CTRS_Control!$C$19="ZERO",0,IF(CTRS_Control!$C$19="NO_STRESS",100,"")),"")) | U12: =IF(COUNTIF(hotel_location_2025!$A$2:$A$110,$B12)>0,1,0) -> 1 | V12: =IF(N12>0,1,0) -> 0 | W12: =IF(R12>0,1,0) -> 0 | X12: =IF(ISNUMBER(K12),1,0) -> 1 | Y12: =IF(AND(AG12=1,ISNUMBER(M12)),1,0) -> 0 | Z12: =IF(Y12=1,IFERROR(IF(CTRS_Control!$C$9="MINMAX",(M12-MIN($M$5:$M$18))/(MAX($M$5:$M$18)-MIN($M$5:$M$18)),M12/MAX($M$5:$M$18)),0),"") | AA12: =IF(Y12=1,IF(AND(R12=0,CTRS_Control!$C$19="MMWQI_ONLY"),1-O12/100,CTRS_Control!$C$15*(1-O12/100)+CTRS_Control!$C$16*(1-S12/100)),"") | AB12: =IF(Y12=1,IF(ISNUMBER(CTRS_Z!$H12),CTRS_Z!$H12,0),"") | AC12: =IF(Y12=1,CTRS_Control!$C$12*Z12+CTRS_Control!$C$13*AA12-CTRS_Control!$C$14*AB12,"") | AD12: =IF(Y12=1,(AC12+CTRS_Control!$C$14)/(CTRS_Control!$C$12+CTRS_Control!$C$13+CTRS_Control!$C$14),"") | AE12: =IF(Y12=1,RANK(AC12,$AC$5:$AC$18,0)+COUNTIF($AC$5:AC12,AC12)-1,"") | AF12: =IF(U12=0,"No hotel data",IF(V12=0,"No MMWQI stations",IF(AND(W12=0,CTRS_Control!$C$19="EXCLUDE"),"No LCC sites",IF(AND(CTRS_Control!$C$8="TOURISTS",X12=0),"No tourist count",TRIM(IF(AH12=1,"No LCC data → substituted ("&CTRS_Control!$C$19&"). ","")&IF(F12<>G12,"Hotels: reported total "&F12&" ≠ sum of categories "&G12&". ","")&IF(I12<>SUMPRODUCT((hotel_location_2025!$A$2:$A$110=$B12)*(hotel_location_2025!$B$2:$B$110<>"Jumlah/ Total")*hotel_location_2025!$D$2:$D$110),"Rooms: reported total "&I12&" ≠ sum of categories "&SUMPRODUCT((hotel_location_2025!$A$2:$A$110=$B12)*(hotel_location_2025!$B$2:$B$110<>"Jumlah/ Total")*hotel_location_2025!$D$2:$D$110),"")))))) -> No MMWQI stations | AG12: =U12*V12*IF(OR(W12=1,CTRS_Control!$C$19<>"EXCLUDE"),1,0) -> 0 | AH12: =IF(AND(Y12=1,R12=0),1,0) -> 0
A13: Pulau Pinang | B13: Pulau Pinang | C13: P. Pinang | D13: Pulau Pinang | E13: =SUMPRODUCT((hotel_location_2025!$A$2:$A$110=$B13)*(hotel_location_2025!$B$2:$B$110="Pantai/ Beach")*hotel_location_2025!$C$2:$C$110) -> 21 | F13: =SUMPRODUCT((hotel_location_2025!$A$2:$A$110=$B13)*(hotel_location_2025!$B$2:$B$110="Jumlah/ Total")*hotel_location_2025!$C$2:$C$110) -> 253 | G13: =SUMPRODUCT((hotel_location_2025!$A$2:$A$110=$B13)*(hotel_location_2025!$B$2:$B$110<>"Jumlah/ Total")*hotel_location_2025!$C$2:$C$110) -> 253 | H13: =SUMPRODUCT((hotel_location_2025!$A$2:$A$110=$B13)*(hotel_location_2025!$B$2:$B$110="Pantai/ Beach")*hotel_location_2025!$D$2:$D$110) -> 4424 | I13: =SUMPRODUCT((hotel_location_2025!$A$2:$A$110=$B13)*(hotel_location_2025!$B$2:$B$110="Jumlah/ Total")*hotel_location_2025!$D$2:$D$110) -> 25603 | J13: =IF(U13=0,"",IFERROR(IF(CTRS_Control!$C$5="ROOMS",H13/I13,E13/IF(CTRS_Control!$C$6="SUM_CATEGORIES",G13,F13)),"")) -> 0.083003953 | K13: =IF(ISNUMBER(INDEX(CTRS_Inputs!$D$6:$D$19,MATCH($A13,CTRS_Inputs!$A$6:$A$19,0))),INDEX(CTRS_Inputs!$D$6:$D$19,MATCH($A13,CTRS_Inputs!$A$6:$A$19,0)),"") -> 5629.544 | L13: =IF(AND(ISNUMBER(J13),ISNUMBER(K13)),J13*K13,"") -> 467.2744 | M13: =IF(AG13=0,"",IF(CTRS_Control!$C$8="TOURISTS",IF(ISNUMBER(L13),L13,""),J13)) -> 467.2744 | N13: =COUNTIF(MMWQI!$A$2:$A$400,$C13) -> 17 | O13: =IF(N13=0,"",AVERAGEIFS(INDEX(MMWQI!$E$2:$I$400,0,MATCH(VALUE(CTRS_Control!$C$10),MMWQI!$E$1:$I$1,0)),MMWQI!$A$2:$A$400,$C13)) -> 81.470588 | P13: =IF(N13=0,"",_xlfn.MINIFS(INDEX(MMWQI!$E$2:$I$400,0,MATCH(VALUE(CTRS_Control!$C$10),MMWQI!$E$1:$I$1,0)),MMWQI!$A$2:$A$400,$C13)) -> 57 | Q13: =IF(N13=0,"",_xlfn.MAXIFS(INDEX(MMWQI!$E$2:$I$400,0,MATCH(VALUE(CTRS_Control!$C$10),MMWQI!$E$1:$I$1,0)),MMWQI!$A$2:$A$400,$C13)) -> 94 | R13: =SUMIF(LCC!$B$2:$B$200,$D13,LCC!$D$2:$D$200) -> 0 | S13: =IF(R13>0,IF(CTRS_Control!$C$11="SITES",SUMPRODUCT((LCC!$B$2:$B$200=$D13)*LCC!$D$2:$D$200*LCC!$F$2:$F$200)/R13,AVERAGEIFS(LCC!$F$2:$F$200,LCC!$B$2:$B$200,$D13)),IF(AND(U13=1,V13=1),IF(CTRS_Control!$C$19="ZERO",0,IF(CTRS_Control!$C$19="NO_STRESS",100,"")),"")) -> 0 | U13: =IF(COUNTIF(hotel_location_2025!$A$2:$A$110,$B13)>0,1,0) -> 1 | V13: =IF(N13>0,1,0) -> 1 | W13: =IF(R13>0,1,0) -> 0 | X13: =IF(ISNUMBER(K13),1,0) -> 1 | Y13: =IF(AND(AG13=1,ISNUMBER(M13)),1,0) -> 1 | Z13: =IF(Y13=1,IFERROR(IF(CTRS_Control!$C$9="MINMAX",(M13-MIN($M$5:$M$18))/(MAX($M$5:$M$18)-MIN($M$5:$M$18)),M13/MAX($M$5:$M$18)),0),"") -> 0.1500269 | AA13: =IF(Y13=1,IF(AND(R13=0,CTRS_Control!$C$19="MMWQI_ONLY"),1-O13/100,CTRS_Control!$C$15*(1-O13/100)+CTRS_Control!$C$16*(1-S13/100)),"") -> 0.59264706 | AB13: =IF(Y13=1,IF(ISNUMBER(CTRS_Z!$H13),CTRS_Z!$H13,0),"") -> 0 | AC13: =IF(Y13=1,CTRS_Control!$C$12*Z13+CTRS_Control!$C$13*AA13-CTRS_Control!$C$14*AB13,"") -> 0.24755799 | AD13: =IF(Y13=1,(AC13+CTRS_Control!$C$14)/(CTRS_Control!$C$12+CTRS_Control!$C$13+CTRS_Control!$C$14),"") -> 0.58089132 | AE13: =IF(Y13=1,RANK(AC13,$AC$5:$AC$18,0)+COUNTIF($AC$5:AC13,AC13)-1,"") -> 7 | AF13: =IF(U13=0,"No hotel data",IF(V13=0,"No MMWQI stations",IF(AND(W13=0,CTRS_Control!$C$19="EXCLUDE"),"No LCC sites",IF(AND(CTRS_Control!$C$8="TOURISTS",X13=0),"No tourist count",TRIM(IF(AH13=1,"No LCC data → substituted ("&CTRS_Control!$C$19&"). ","")&IF(F13<>G13,"Hotels: reported total "&F13&" ≠ sum of categories "&G13&". ","")&IF(I13<>SUMPRODUCT((hotel_location_2025!$A$2:$A$110=$B13)*(hotel_location_2025!$B$2:$B$110<>"Jumlah/ Total")*hotel_location_2025!$D$2:$D$110),"Rooms: reported total "&I13&" ≠ sum of categories "&SUMPRODUCT((hotel_location_2025!$A$2:$A$110=$B13)*(hotel_location_2025!$B$2:$B$110<>"Jumlah/ Total")*hotel_location_2025!$D$2:$D$110),"")))))) -> No LCC data → substituted (ZERO). | AG13: =U13*V13*IF(OR(W13=1,CTRS_Control!$C$19<>"EXCLUDE"),1,0) -> 1 | AH13: =IF(AND(Y13=1,R13=0),1,0) -> 1
A14: Sabah | B14: Sabah | C14: Sabah | D14: Sabah | E14: =SUMPRODUCT((hotel_location_2025!$A$2:$A$110=$B14)*(hotel_location_2025!$B$2:$B$110="Pantai/ Beach")*hotel_location_2025!$C$2:$C$110) -> 26 | F14: =SUMPRODUCT((hotel_location_2025!$A$2:$A$110=$B14)*(hotel_location_2025!$B$2:$B$110="Jumlah/ Total")*hotel_location_2025!$C$2:$C$110) -> 438 | G14: =SUMPRODUCT((hotel_location_2025!$A$2:$A$110=$B14)*(hotel_location_2025!$B$2:$B$110<>"Jumlah/ Total")*hotel_location_2025!$C$2:$C$110) -> 438 | H14: =SUMPRODUCT((hotel_location_2025!$A$2:$A$110=$B14)*(hotel_location_2025!$B$2:$B$110="Pantai/ Beach")*hotel_location_2025!$D$2:$D$110) -> 2852 | I14: =SUMPRODUCT((hotel_location_2025!$A$2:$A$110=$B14)*(hotel_location_2025!$B$2:$B$110="Jumlah/ Total")*hotel_location_2025!$D$2:$D$110) -> 25692 | J14: =IF(U14=0,"",IFERROR(IF(CTRS_Control!$C$5="ROOMS",H14/I14,E14/IF(CTRS_Control!$C$6="SUM_CATEGORIES",G14,F14)),"")) -> 0.059360731 | K14: =IF(ISNUMBER(INDEX(CTRS_Inputs!$D$6:$D$19,MATCH($A14,CTRS_Inputs!$A$6:$A$19,0))),INDEX(CTRS_Inputs!$D$6:$D$19,MATCH($A14,CTRS_Inputs!$A$6:$A$19,0)),"") -> 7359.889 | L14: =IF(AND(ISNUMBER(J14),ISNUMBER(K14)),J14*K14,"") -> 436.88839 | M14: =IF(AG14=0,"",IF(CTRS_Control!$C$8="TOURISTS",IF(ISNUMBER(L14),L14,""),J14)) -> 436.88839 | N14: =COUNTIF(MMWQI!$A$2:$A$400,$C14) -> 24 | O14: =IF(N14=0,"",AVERAGEIFS(INDEX(MMWQI!$E$2:$I$400,0,MATCH(VALUE(CTRS_Control!$C$10),MMWQI!$E$1:$I$1,0)),MMWQI!$A$2:$A$400,$C14)) -> 74.5 | P14: =IF(N14=0,"",_xlfn.MINIFS(INDEX(MMWQI!$E$2:$I$400,0,MATCH(VALUE(CTRS_Control!$C$10),MMWQI!$E$1:$I$1,0)),MMWQI!$A$2:$A$400,$C14)) -> 59 | Q14: =IF(N14=0,"",_xlfn.MAXIFS(INDEX(MMWQI!$E$2:$I$400,0,MATCH(VALUE(CTRS_Control!$C$10),MMWQI!$E$1:$I$1,0)),MMWQI!$A$2:$A$400,$C14)) -> 89 | R14: =SUMIF(LCC!$B$2:$B$200,$D14,LCC!$D$2:$D$200) -> 141 | S14: =IF(R14>0,IF(CTRS_Control!$C$11="SITES",SUMPRODUCT((LCC!$B$2:$B$200=$D14)*LCC!$D$2:$D$200*LCC!$F$2:$F$200)/R14,AVERAGEIFS(LCC!$F$2:$F$200,LCC!$B$2:$B$200,$D14)),IF(AND(U14=1,V14=1),IF(CTRS_Control!$C$19="ZERO",0,IF(CTRS_Control!$C$19="NO_STRESS",100,"")),"")) -> 43.307376 | U14: =IF(COUNTIF(hotel_location_2025!$A$2:$A$110,$B14)>0,1,0) -> 1 | V14: =IF(N14>0,1,0) -> 1 | W14: =IF(R14>0,1,0) -> 1 | X14: =IF(ISNUMBER(K14),1,0) -> 1 | Y14: =IF(AND(AG14=1,ISNUMBER(M14)),1,0) -> 1 | Z14: =IF(Y14=1,IFERROR(IF(CTRS_Control!$C$9="MINMAX",(M14-MIN($M$5:$M$18))/(MAX($M$5:$M$18)-MIN($M$5:$M$18)),M14/MAX($M$5:$M$18)),0),"") -> 0.14027092 | AA14: =IF(Y14=1,IF(AND(R14=0,CTRS_Control!$C$19="MMWQI_ONLY"),1-O14/100,CTRS_Control!$C$15*(1-O14/100)+CTRS_Control!$C$16*(1-S14/100)),"") -> 0.41096312 | AB14: =IF(Y14=1,IF(ISNUMBER(CTRS_Z!$H14),CTRS_Z!$H14,0),"") -> 0.11766119 | AC14: =IF(Y14=1,CTRS_Control!$C$12*Z14+CTRS_Control!$C$13*AA14-CTRS_Control!$C$14*AB14,"") -> 0.14452428 | AD14: =IF(Y14=1,(AC14+CTRS_Control!$C$14)/(CTRS_Control!$C$12+CTRS_Control!$C$13+CTRS_Control!$C$14),"") -> 0.47785762 | AE14: =IF(Y14=1,RANK(AC14,$AC$5:$AC$18,0)+COUNTIF($AC$5:AC14,AC14)-1,"") -> 10 | AF14: =IF(U14=0,"No hotel data",IF(V14=0,"No MMWQI stations",IF(AND(W14=0,CTRS_Control!$C$19="EXCLUDE"),"No LCC sites",IF(AND(CTRS_Control!$C$8="TOURISTS",X14=0),"No tourist count",TRIM(IF(AH14=1,"No LCC data → substituted ("&CTRS_Control!$C$19&"). ","")&IF(F14<>G14,"Hotels: reported total "&F14&" ≠ sum of categories "&G14&". ","")&IF(I14<>SUMPRODUCT((hotel_location_2025!$A$2:$A$110=$B14)*(hotel_location_2025!$B$2:$B$110<>"Jumlah/ Total")*hotel_location_2025!$D$2:$D$110),"Rooms: reported total "&I14&" ≠ sum of categories "&SUMPRODUCT((hotel_location_2025!$A$2:$A$110=$B14)*(hotel_location_2025!$B$2:$B$110<>"Jumlah/ Total")*hotel_location_2025!$D$2:$D$110),"")))))) | AG14: =U14*V14*IF(OR(W14=1,CTRS_Control!$C$19<>"EXCLUDE"),1,0) -> 1 | AH14: =IF(AND(Y14=1,R14=0),1,0) -> 0
A15: Sarawak | B15: Sarawak | C15: Sarawak | D15: Sarawak | E15: =SUMPRODUCT((hotel_location_2025!$A$2:$A$110=$B15)*(hotel_location_2025!$B$2:$B$110="Pantai/ Beach")*hotel_location_2025!$C$2:$C$110) -> 5 | F15: =SUMPRODUCT((hotel_location_2025!$A$2:$A$110=$B15)*(hotel_location_2025!$B$2:$B$110="Jumlah/ Total")*hotel_location_2025!$C$2:$C$110) -> 390 | G15: =SUMPRODUCT((hotel_location_2025!$A$2:$A$110=$B15)*(hotel_location_2025!$B$2:$B$110<>"Jumlah/ Total")*hotel_location_2025!$C$2:$C$110) -> 390 | H15: =SUMPRODUCT((hotel_location_2025!$A$2:$A$110=$B15)*(hotel_location_2025!$B$2:$B$110="Pantai/ Beach")*hotel_location_2025!$D$2:$D$110) -> 967 | I15: =SUMPRODUCT((hotel_location_2025!$A$2:$A$110=$B15)*(hotel_location_2025!$B$2:$B$110="Jumlah/ Total")*hotel_location_2025!$D$2:$D$110) -> 22065 | J15: =IF(U15=0,"",IFERROR(IF(CTRS_Control!$C$5="ROOMS",H15/I15,E15/IF(CTRS_Control!$C$6="SUM_CATEGORIES",G15,F15)),"")) -> 0.012820513 | K15: =IF(ISNUMBER(INDEX(CTRS_Inputs!$D$6:$D$19,MATCH($A15,CTRS_Inputs!$A$6:$A$19,0))),INDEX(CTRS_Inputs!$D$6:$D$19,MATCH($A15,CTRS_Inputs!$A$6:$A$19,0)),"") -> 6329.894 | L15: =IF(AND(ISNUMBER(J15),ISNUMBER(K15)),J15*K15,"") -> 81.152487 | M15: =IF(AG15=0,"",IF(CTRS_Control!$C$8="TOURISTS",IF(ISNUMBER(L15),L15,""),J15)) -> 81.152487 | N15: =COUNTIF(MMWQI!$A$2:$A$400,$C15) -> 23 | O15: =IF(N15=0,"",AVERAGEIFS(INDEX(MMWQI!$E$2:$I$400,0,MATCH(VALUE(CTRS_Control!$C$10),MMWQI!$E$1:$I$1,0)),MMWQI!$A$2:$A$400,$C15)) -> 76.521739 | P15: =IF(N15=0,"",_xlfn.MINIFS(INDEX(MMWQI!$E$2:$I$400,0,MATCH(VALUE(CTRS_Control!$C$10),MMWQI!$E$1:$I$1,0)),MMWQI!$A$2:$A$400,$C15)) -> 65 | Q15: =IF(N15=0,"",_xlfn.MAXIFS(INDEX(MMWQI!$E$2:$I$400,0,MATCH(VALUE(CTRS_Control!$C$10),MMWQI!$E$1:$I$1,0)),MMWQI!$A$2:$A$400,$C15)) -> 89 | R15: =SUMIF(LCC!$B$2:$B$200,$D15,LCC!$D$2:$D$200) -> 4 | S15: =IF(R15>0,IF(CTRS_Control!$C$11="SITES",SUMPRODUCT((LCC!$B$2:$B$200=$D15)*LCC!$D$2:$D$200*LCC!$F$2:$F$200)/R15,AVERAGEIFS(LCC!$F$2:$F$200,LCC!$B$2:$B$200,$D15)),IF(AND(U15=1,V15=1),IF(CTRS_Control!$C$19="ZERO",0,IF(CTRS_Control!$C$19="NO_STRESS",100,"")),"")) -> 48.59 | U15: =IF(COUNTIF(hotel_location_2025!$A$2:$A$110,$B15)>0,1,0) -> 1 | V15: =IF(N15>0,1,0) -> 1 | W15: =IF(R15>0,1,0) -> 1 | X15: =IF(ISNUMBER(K15),1,0) -> 1 | Y15: =IF(AND(AG15=1,ISNUMBER(M15)),1,0) -> 1 | Z15: =IF(Y15=1,IFERROR(IF(CTRS_Control!$C$9="MINMAX",(M15-MIN($M$5:$M$18))/(MAX($M$5:$M$18)-MIN($M$5:$M$18)),M15/MAX($M$5:$M$18)),0),"") -> 0.026055474 | AA15: =IF(Y15=1,IF(AND(R15=0,CTRS_Control!$C$19="MMWQI_ONLY"),1-O15/100,CTRS_Control!$C$15*(1-O15/100)+CTRS_Control!$C$16*(1-S15/100)),"") -> 0.3744413 | AB15: =IF(Y15=1,IF(ISNUMBER(CTRS_Z!$H15),CTRS_Z!$H15,0),"") -> 0.34069738 | AC15: =IF(Y15=1,CTRS_Control!$C$12*Z15+CTRS_Control!$C$13*AA15-CTRS_Control!$C$14*AB15,"") -> 0.019933134 | AD15: =IF(Y15=1,(AC15+CTRS_Control!$C$14)/(CTRS_Control!$C$12+CTRS_Control!$C$13+CTRS_Control!$C$14),"") -> 0.35326647 | AE15: =IF(Y15=1,RANK(AC15,$AC$5:$AC$18,0)+COUNTIF($AC$5:AC15,AC15)-1,"") -> 13 | AF15: =IF(U15=0,"No hotel data",IF(V15=0,"No MMWQI stations",IF(AND(W15=0,CTRS_Control!$C$19="EXCLUDE"),"No LCC sites",IF(AND(CTRS_Control!$C$8="TOURISTS",X15=0),"No tourist count",TRIM(IF(AH15=1,"No LCC data → substituted ("&CTRS_Control!$C$19&"). ","")&IF(F15<>G15,"Hotels: reported total "&F15&" ≠ sum of categories "&G15&". ","")&IF(I15<>SUMPRODUCT((hotel_location_2025!$A$2:$A$110=$B15)*(hotel_location_2025!$B$2:$B$110<>"Jumlah/ Total")*hotel_location_2025!$D$2:$D$110),"Rooms: reported total "&I15&" ≠ sum of categories "&SUMPRODUCT((hotel_location_2025!$A$2:$A$110=$B15)*(hotel_location_2025!$B$2:$B$110<>"Jumlah/ Total")*hotel_location_2025!$D$2:$D$110),"")))))) | AG15: =U15*V15*IF(OR(W15=1,CTRS_Control!$C$19<>"EXCLUDE"),1,0) -> 1 | AH15: =IF(AND(Y15=1,R15=0),1,0) -> 0
A16: Selangor | B16: Selangor | C16: Selangor | D16: Selangor | E16: =SUMPRODUCT((hotel_location_2025!$A$2:$A$110=$B16)*(hotel_location_2025!$B$2:$B$110="Pantai/ Beach")*hotel_location_2025!$C$2:$C$110) -> 9 | F16: =SUMPRODUCT((hotel_location_2025!$A$2:$A$110=$B16)*(hotel_location_2025!$B$2:$B$110="Jumlah/ Total")*hotel_location_2025!$C$2:$C$110) -> 211 | G16: =SUMPRODUCT((hotel_location_2025!$A$2:$A$110=$B16)*(hotel_location_2025!$B$2:$B$110<>"Jumlah/ Total")*hotel_location_2025!$C$2:$C$110) -> 211 | H16: =SUMPRODUCT((hotel_location_2025!$A$2:$A$110=$B16)*(hotel_location_2025!$B$2:$B$110="Pantai/ Beach")*hotel_location_2025!$D$2:$D$110) -> 803 | I16: =SUMPRODUCT((hotel_location_2025!$A$2:$A$110=$B16)*(hotel_location_2025!$B$2:$B$110="Jumlah/ Total")*hotel_location_2025!$D$2:$D$110) -> 26781 | J16: =IF(U16=0,"",IFERROR(IF(CTRS_Control!$C$5="ROOMS",H16/I16,E16/IF(CTRS_Control!$C$6="SUM_CATEGORIES",G16,F16)),"")) -> 0.042654028 | K16: =IF(ISNUMBER(INDEX(CTRS_Inputs!$D$6:$D$19,MATCH($A16,CTRS_Inputs!$A$6:$A$19,0))),INDEX(CTRS_Inputs!$D$6:$D$19,MATCH($A16,CTRS_Inputs!$A$6:$A$19,0)),"") -> 10595.556 | L16: =IF(AND(ISNUMBER(J16),ISNUMBER(K16)),J16*K16,"") -> 451.94315 | M16: =IF(AG16=0,"",IF(CTRS_Control!$C$8="TOURISTS",IF(ISNUMBER(L16),L16,""),J16)) -> 451.94315 | N16: =COUNTIF(MMWQI!$A$2:$A$400,$C16) -> 6 | O16: =IF(N16=0,"",AVERAGEIFS(INDEX(MMWQI!$E$2:$I$400,0,MATCH(VALUE(CTRS_Control!$C$10),MMWQI!$E$1:$I$1,0)),MMWQI!$A$2:$A$400,$C16)) -> 72.833333 | P16: =IF(N16=0,"",_xlfn.MINIFS(INDEX(MMWQI!$E$2:$I$400,0,MATCH(VALUE(CTRS_Control!$C$10),MMWQI!$E$1:$I$1,0)),MMWQI!$A$2:$A$400,$C16)) -> 55 | Q16: =IF(N16=0,"",_xlfn.MAXIFS(INDEX(MMWQI!$E$2:$I$400,0,MATCH(VALUE(CTRS_Control!$C$10),MMWQI!$E$1:$I$1,0)),MMWQI!$A$2:$A$400,$C16)) -> 91 | R16: =SUMIF(LCC!$B$2:$B$200,$D16,LCC!$D$2:$D$200) -> 0 | S16: =IF(R16>0,IF(CTRS_Control!$C$11="SITES",SUMPRODUCT((LCC!$B$2:$B$200=$D16)*LCC!$D$2:$D$200*LCC!$F$2:$F$200)/R16,AVERAGEIFS(LCC!$F$2:$F$200,LCC!$B$2:$B$200,$D16)),IF(AND(U16=1,V16=1),IF(CTRS_Control!$C$19="ZERO",0,IF(CTRS_Control!$C$19="NO_STRESS",100,"")),"")) -> 0 | U16: =IF(COUNTIF(hotel_location_2025!$A$2:$A$110,$B16)>0,1,0) -> 1 | V16: =IF(N16>0,1,0) -> 1 | W16: =IF(R16>0,1,0) -> 0 | X16: =IF(ISNUMBER(K16),1,0) -> 1 | Y16: =IF(AND(AG16=1,ISNUMBER(M16)),1,0) -> 1 | Z16: =IF(Y16=1,IFERROR(IF(CTRS_Control!$C$9="MINMAX",(M16-MIN($M$5:$M$18))/(MAX($M$5:$M$18)-MIN($M$5:$M$18)),M16/MAX($M$5:$M$18)),0),"") -> 0.14510452 | AA16: =IF(Y16=1,IF(AND(R16=0,CTRS_Control!$C$19="MMWQI_ONLY"),1-O16/100,CTRS_Control!$C$15*(1-O16/100)+CTRS_Control!$C$16*(1-S16/100)),"") -> 0.63583333 | AB16: =IF(Y16=1,IF(ISNUMBER(CTRS_Z!$H16),CTRS_Z!$H16,0),"") -> 0 | AC16: =IF(Y16=1,CTRS_Control!$C$12*Z16+CTRS_Control!$C$13*AA16-CTRS_Control!$C$14*AB16,"") -> 0.26031262 | AD16: =IF(Y16=1,(AC16+CTRS_Control!$C$14)/(CTRS_Control!$C$12+CTRS_Control!$C$13+CTRS_Control!$C$14),"") -> 0.59364595 | AE16: =IF(Y16=1,RANK(AC16,$AC$5:$AC$18,0)+COUNTIF($AC$5:AC16,AC16)-1,"") -> 6 | AF16: =IF(U16=0,"No hotel data",IF(V16=0,"No MMWQI stations",IF(AND(W16=0,CTRS_Control!$C$19="EXCLUDE"),"No LCC sites",IF(AND(CTRS_Control!$C$8="TOURISTS",X16=0),"No tourist count",TRIM(IF(AH16=1,"No LCC data → substituted ("&CTRS_Control!$C$19&"). ","")&IF(F16<>G16,"Hotels: reported total "&F16&" ≠ sum of categories "&G16&". ","")&IF(I16<>SUMPRODUCT((hotel_location_2025!$A$2:$A$110=$B16)*(hotel_location_2025!$B$2:$B$110<>"Jumlah/ Total")*hotel_location_2025!$D$2:$D$110),"Rooms: reported total "&I16&" ≠ sum of categories "&SUMPRODUCT((hotel_location_2025!$A$2:$A$110=$B16)*(hotel_location_2025!$B$2:$B$110<>"Jumlah/ Total")*hotel_location_2025!$D$2:$D$110),"")))))) -> No LCC data → substituted (ZERO). | AG16: =U16*V16*IF(OR(W16=1,CTRS_Control!$C$19<>"EXCLUDE"),1,0) -> 1 | AH16: =IF(AND(Y16=1,R16=0),1,0) -> 1
... A18: W.P. Labuan | B18: W.P. Labuan | C18: W.P. Labuan | D18: W.P. Labuan | E18: =SUMPRODUCT((hotel_location_2025!$A$2:$A$110=$B18)*(hotel_location_2025!$B$2:$B$110="Pantai/ Beach")*hotel_location_2025!$C$2:$C$110) -> 2 | F18: =SUMPRODUCT((hotel_location_2025!$A$2:$A$110=$B18)*(hotel_location_2025!$B$2:$B$110="Jumlah/ Total")*hotel_location_2025!$C$2:$C$110) -> 43 | G18: =SUMPRODUCT((hotel_location_2025!$A$2:$A$110=$B18)*(hotel_location_2025!$B$2:$B$110<>"Jumlah/ Total")*hotel_location_2025!$C$2:$C$110) -> 43 | H18: =SUMPRODUCT((hotel_location_2025!$A$2:$A$110=$B18)*(hotel_location_2025!$B$2:$B$110="Pantai/ Beach")*hotel_location_2025!$D$2:$D$110) -> 215 | I18: =SUMPRODUCT((hotel_location_2025!$A$2:$A$110=$B18)*(hotel_location_2025!$B$2:$B$110="Jumlah/ Total")*hotel_location_2025!$D$2:$D$110) -> 1858 | J18: =IF(U18=0,"",IFERROR(IF(CTRS_Control!$C$5="ROOMS",H18/I18,E18/IF(CTRS_Control!$C$6="SUM_CATEGORIES",G18,F18)),"")) -> 0.046511628 | K18: =IF(ISNUMBER(INDEX(CTRS_Inputs!$D$6:$D$19,MATCH($A18,CTRS_Inputs!$A$6:$A$19,0))),INDEX(CTRS_Inputs!$D$6:$D$19,MATCH($A18,CTRS_Inputs!$A$6:$A$19,0)),"") -> 266.785 | L18: =IF(AND(ISNUMBER(J18),ISNUMBER(K18)),J18*K18,"") -> 12.408605 | M18: =IF(AG18=0,"",IF(CTRS_Control!$C$8="TOURISTS",IF(ISNUMBER(L18),L18,""),J18)) -> 12.408605 | N18: =COUNTIF(MMWQI!$A$2:$A$400,$C18) -> 5 | O18: =IF(N18=0,"",AVERAGEIFS(INDEX(MMWQI!$E$2:$I$400,0,MATCH(VALUE(CTRS_Control!$C$10),MMWQI!$E$1:$I$1,0)),MMWQI!$A$2:$A$400,$C18)) -> 79.2 | P18: =IF(N18=0,"",_xlfn.MINIFS(INDEX(MMWQI!$E$2:$I$400,0,MATCH(VALUE(CTRS_Control!$C$10),MMWQI!$E$1:$I$1,0)),MMWQI!$A$2:$A$400,$C18)) -> 71 | Q18: =IF(N18=0,"",_xlfn.MAXIFS(INDEX(MMWQI!$E$2:$I$400,0,MATCH(VALUE(CTRS_Control!$C$10),MMWQI!$E$1:$I$1,0)),MMWQI!$A$2:$A$400,$C18)) -> 88 | R18: =SUMIF(LCC!$B$2:$B$200,$D18,LCC!$D$2:$D$200) -> 0 | S18: =IF(R18>0,IF(CTRS_Control!$C$11="SITES",SUMPRODUCT((LCC!$B$2:$B$200=$D18)*LCC!$D$2:$D$200*LCC!$F$2:$F$200)/R18,AVERAGEIFS(LCC!$F$2:$F$200,LCC!$B$2:$B$200,$D18)),IF(AND(U18=1,V18=1),IF(CTRS_Control!$C$19="ZERO",0,IF(CTRS_Control!$C$19="NO_STRESS",100,"")),"")) -> 0 | U18: =IF(COUNTIF(hotel_location_2025!$A$2:$A$110,$B18)>0,1,0) -> 1 | V18: =IF(N18>0,1,0) -> 1 | W18: =IF(R18>0,1,0) -> 0 | X18: =IF(ISNUMBER(K18),1,0) -> 1 | Y18: =IF(AND(AG18=1,ISNUMBER(M18)),1,0) -> 1 | Z18: =IF(Y18=1,IFERROR(IF(CTRS_Control!$C$9="MINMAX",(M18-MIN($M$5:$M$18))/(MAX($M$5:$M$18)-MIN($M$5:$M$18)),M18/MAX($M$5:$M$18)),0),"") -> 0.0039840069 | AA18: =IF(Y18=1,IF(AND(R18=0,CTRS_Control!$C$19="MMWQI_ONLY"),1-O18/100,CTRS_Control!$C$15*(1-O18/100)+CTRS_Control!$C$16*(1-S18/100)),"") -> 0.604 | AB18: =IF(Y18=1,IF(ISNUMBER(CTRS_Z!$H18),CTRS_Z!$H18,0),"") -> 0.051691252 | AC18: =IF(Y18=1,CTRS_Control!$C$12*Z18+CTRS_Control!$C$13*AA18-CTRS_Control!$C$14*AB18,"") -> 0.18543092 | AD18: =IF(Y18=1,(AC18+CTRS_Control!$C$14)/(CTRS_Control!$C$12+CTRS_Control!$C$13+CTRS_Control!$C$14),"") -> 0.51876425 | AE18: =IF(Y18=1,RANK(AC18,$AC$5:$AC$18,0)+COUNTIF($AC$5:AC18,AC18)-1,"") -> 9 | AF18: =IF(U18=0,"No hotel data",IF(V18=0,"No MMWQI stations",IF(AND(W18=0,CTRS_Control!$C$19="EXCLUDE"),"No LCC sites",IF(AND(CTRS_Control!$C$8="TOURISTS",X18=0),"No tourist count",TRIM(IF(AH18=1,"No LCC data → substituted ("&CTRS_Control!$C$19&"). ","")&IF(F18<>G18,"Hotels: reported total "&F18&" ≠ sum of categories "&G18&". ","")&IF(I18<>SUMPRODUCT((hotel_location_2025!$A$2:$A$110=$B18)*(hotel_location_2025!$B$2:$B$110<>"Jumlah/ Total")*hotel_location_2025!$D$2:$D$110),"Rooms: reported total "&I18&" ≠ sum of categories "&SUMPRODUCT((hotel_location_2025!$A$2:$A$110=$B18)*(hotel_location_2025!$B$2:$B$110<>"Jumlah/ Total")*hotel_location_2025!$D$2:$D$110),"")))))) -> No LCC data → substituted (ZERO). | AG18: =U18*V18*IF(OR(W18=1,CTRS_Control!$C$19<>"EXCLUDE"),1,0) -> 1 | AH18: =IF(AND(Y18=1,R18=0),1,0) -> 1
A20: Notes
A21: J: pantai share = beach hotels / total hotels (or rooms, see Control). L = J × K (your new X numerator). Z(X) = L / max(L) when X_METHOD_IN_USE = TOURISTS.
A22: Included = hotel + MMWQI data (+ LCC data, or a substitute per CTRS_Control!C19) (+ tourist count when method = TOURISTS).
A23: S: LCC state value from LCC sheet, used in Y (environmental stress).
A24: Y = w_MMWQI(1−MMWQI/100) + w_LCC(1−LCC/100). Z = protection-weighted MPA area / total marine area (CTRS_Z). TSRI = w_X·X + w_Y·Y − w_Z·Z. TSRI (0–1) = same ranking, shifted to start at 0.

Sheet CTRS_Desc
A1: Descriptive statistics & correlation (included states only)
A2: =CTRS_Calc!A2 -> X method in use: TOURISTS
A5: State | B5: Pantai share | C5: X | D5: MMWQI mean | E5: LCC (%) | F5: Y | G5: Z | H5: TSRI
A6: =CTRS_Calc!A5 -> Johor | B6: =IF(CTRS_Calc!$Y5=1,CTRS_Calc!J5,"") -> 0.13508065 | C6: =IF(CTRS_Calc!$Y5=1,CTRS_Calc!Z5,"") -> 0.42597663 | D6: =IF(CTRS_Calc!$Y5=1,CTRS_Calc!O5,"") -> 82.37931 | E6: =IF(AND(CTRS_Calc!$Y5=1,CTRS_Calc!$R5>0),CTRS_Calc!S5,"") -> 54.880238 | F6: =IF(CTRS_Calc!$Y5=1,CTRS_Calc!AA5,"") -> 0.31370226 | G6: =IF(AND(CTRS_Calc!$Y5=1,ISNUMBER(CTRS_Z!$H5)),CTRS_Calc!AB5,"") -> 0.17832116 | H6: =IF(CTRS_Calc!$Y5=1,CTRS_Calc!AC5,"") -> 0.18711924
A7: =CTRS_Calc!A6 -> Kedah | B7: =IF(CTRS_Calc!$Y6=1,CTRS_Calc!J6,"") -> 0.39664804 | C7: =IF(CTRS_Calc!$Y6=1,CTRS_Calc!Z6,"") -> 0.90735633 | D7: =IF(CTRS_Calc!$Y6=1,CTRS_Calc!O6,"") -> 94.222222 | E7: =IF(AND(CTRS_Calc!$Y6=1,CTRS_Calc!$R6>0),CTRS_Calc!S6,"") -> 58.858333 | F7: =IF(CTRS_Calc!$Y6=1,CTRS_Calc!AA6,"") -> 0.23459722 | G7: =IF(AND(CTRS_Calc!$Y6=1,ISNUMBER(CTRS_Z!$H6)),CTRS_Calc!AB6,"") -> 0.029259082 | H7: =IF(CTRS_Calc!$Y6=1,CTRS_Calc!AC6,"") -> 0.37089816
A8: =CTRS_Calc!A7 -> Kelantan | B8: =IF(CTRS_Calc!$Y7=1,CTRS_Calc!J7,"") -> 0.17582418 | C8: =IF(CTRS_Calc!$Y7=1,CTRS_Calc!Z7,"") -> 0.36761971 | D8: =IF(CTRS_Calc!$Y7=1,CTRS_Calc!O7,"") -> 94.5 | E8: =IF(AND(CTRS_Calc!$Y7=1,CTRS_Calc!$R7>0),CTRS_Calc!S7,"") | F8: =IF(CTRS_Calc!$Y7=1,CTRS_Calc!AA7,"") -> 0.5275 | G8: =IF(AND(CTRS_Calc!$Y7=1,ISNUMBER(CTRS_Z!$H7)),CTRS_Calc!AB7,"") | H8: =IF(CTRS_Calc!$Y7=1,CTRS_Calc!AC7,"") -> 0.29837324
A9: =CTRS_Calc!A8 -> Melaka | B9: =IF(CTRS_Calc!$Y8=1,CTRS_Calc!J8,"") -> 0.12707182 | C9: =IF(CTRS_Calc!$Y8=1,CTRS_Calc!Z8,"") -> 0.29288129 | D9: =IF(CTRS_Calc!$Y8=1,CTRS_Calc!O8,"") -> 80.888889 | E9: =IF(AND(CTRS_Calc!$Y8=1,CTRS_Calc!$R8>0),CTRS_Calc!S8,"") -> 30.13 | F9: =IF(CTRS_Calc!$Y8=1,CTRS_Calc!AA8,"") -> 0.44490556 | G9: =IF(AND(CTRS_Calc!$Y8=1,ISNUMBER(CTRS_Z!$H8)),CTRS_Calc!AB8,"") -> 0.66325507 | H9: =IF(CTRS_Calc!$Y8=1,CTRS_Calc!AC8,"") -> 0.024843926
A10: =CTRS_Calc!A9 -> Negeri Sembilan | B10: =IF(CTRS_Calc!$Y9=1,CTRS_Calc!J9,"") -> 0.24375 | C10: =IF(CTRS_Calc!$Y9=1,CTRS_Calc!Z9,"") -> 0.51237228 | D10: =IF(CTRS_Calc!$Y9=1,CTRS_Calc!O9,"") -> 91.857143 | E10: =IF(AND(CTRS_Calc!$Y9=1,CTRS_Calc!$R9>0),CTRS_Calc!S9,"") -> 16.56 | F10: =IF(CTRS_Calc!$Y9=1,CTRS_Calc!AA9,"") -> 0.45791429 | G10: =IF(AND(CTRS_Calc!$Y9=1,ISNUMBER(CTRS_Z!$H9)),CTRS_Calc!AB9,"") -> 0.54556922 | H10: =IF(CTRS_Calc!$Y9=1,CTRS_Calc!AC9,"") -> 0.14157245
A11: =CTRS_Calc!A10 -> Pahang | B11: =IF(CTRS_Calc!$Y10=1,CTRS_Calc!J10,"") -> 0.28196721 | C11: =IF(CTRS_Calc!$Y10=1,CTRS_Calc!Z10,"") -> 1 | D11: =IF(CTRS_Calc!$Y10=1,CTRS_Calc!O10,"") -> 93.363636 | E11: =IF(AND(CTRS_Calc!$Y10=1,CTRS_Calc!$R10>0),CTRS_Calc!S10,"") -> 53.34 | F11: =IF(CTRS_Calc!$Y10=1,CTRS_Calc!AA10,"") -> 0.26648182 | G11: =IF(AND(CTRS_Calc!$Y10=1,ISNUMBER(CTRS_Z!$H10)),CTRS_Calc!AB10,"") -> 0.047504366 | H11: =IF(CTRS_Calc!$Y10=1,CTRS_Calc!AC10,"") -> 0.40632582
A12: =CTRS_Calc!A11 -> Perak | B12: =IF(CTRS_Calc!$Y11=1,CTRS_Calc!J11,"") -> 0.14956012 | C12: =IF(CTRS_Calc!$Y11=1,CTRS_Calc!Z11,"") -> 0.50006102 | D12: =IF(CTRS_Calc!$Y11=1,CTRS_Calc!O11,"") -> 93.375 | E12: =IF(AND(CTRS_Calc!$Y11=1,CTRS_Calc!$R11>0),CTRS_Calc!S11,"") -> 32.504 | F12: =IF(CTRS_Calc!$Y11=1,CTRS_Calc!AA11,"") -> 0.370605 | G12: =IF(AND(CTRS_Calc!$Y11=1,ISNUMBER(CTRS_Z!$H11)),CTRS_Calc!AB11,"") -> 0 | H12: =IF(CTRS_Calc!$Y11=1,CTRS_Calc!AC11,"") -> 0.29022201
A13: =CTRS_Calc!A12 -> Perlis | B13: =IF(CTRS_Calc!$Y12=1,CTRS_Calc!J12,"") | C13: =IF(CTRS_Calc!$Y12=1,CTRS_Calc!Z12,"") | D13: =IF(CTRS_Calc!$Y12=1,CTRS_Calc!O12,"") | E13: =IF(AND(CTRS_Calc!$Y12=1,CTRS_Calc!$R12>0),CTRS_Calc!S12,"") | F13: =IF(CTRS_Calc!$Y12=1,CTRS_Calc!AA12,"") | G13: =IF(AND(CTRS_Calc!$Y12=1,ISNUMBER(CTRS_Z!$H12)),CTRS_Calc!AB12,"") | H13: =IF(CTRS_Calc!$Y12=1,CTRS_Calc!AC12,"")
A14: =CTRS_Calc!A13 -> Pulau Pinang | B14: =IF(CTRS_Calc!$Y13=1,CTRS_Calc!J13,"") -> 0.083003953 | C14: =IF(CTRS_Calc!$Y13=1,CTRS_Calc!Z13,"") -> 0.1500269 | D14: =IF(CTRS_Calc!$Y13=1,CTRS_Calc!O13,"") -> 81.470588 | E14: =IF(AND(CTRS_Calc!$Y13=1,CTRS_Calc!$R13>0),CTRS_Calc!S13,"") | F14: =IF(CTRS_Calc!$Y13=1,CTRS_Calc!AA13,"") -> 0.59264706 | G14: =IF(AND(CTRS_Calc!$Y13=1,ISNUMBER(CTRS_Z!$H13)),CTRS_Calc!AB13,"") | H14: =IF(CTRS_Calc!$Y13=1,CTRS_Calc!AC13,"") -> 0.24755799
A15: =CTRS_Calc!A14 -> Sabah | B15: =IF(CTRS_Calc!$Y14=1,CTRS_Calc!J14,"") -> 0.059360731 | C15: =IF(CTRS_Calc!$Y14=1,CTRS_Calc!Z14,"") -> 0.14027092 | D15: =IF(CTRS_Calc!$Y14=1,CTRS_Calc!O14,"") -> 74.5 | E15: =IF(AND(CTRS_Calc!$Y14=1,CTRS_Calc!$R14>0),CTRS_Calc!S14,"") -> 43.307376 | F15: =IF(CTRS_Calc!$Y14=1,CTRS_Calc!AA14,"") -> 0.41096312 | G15: =IF(AND(CTRS_Calc!$Y14=1,ISNUMBER(CTRS_Z!$H14)),CTRS_Calc!AB14,"") -> 0.11766119 | H15: =IF(CTRS_Calc!$Y14=1,CTRS_Calc!AC14,"") -> 0.14452428
A16: =CTRS_Calc!A15 -> Sarawak | B16: =IF(CTRS_Calc!$Y15=1,CTRS_Calc!J15,"") -> 0.012820513 | C16: =IF(CTRS_Calc!$Y15=1,CTRS_Calc!Z15,"") -> 0.026055474 | D16: =IF(CTRS_Calc!$Y15=1,CTRS_Calc!O15,"") -> 76.521739 | E16: =IF(AND(CTRS_Calc!$Y15=1,CTRS_Calc!$R15>0),CTRS_Calc!S15,"") -> 48.59 | F16: =IF(CTRS_Calc!$Y15=1,CTRS_Calc!AA15,"") -> 0.3744413 | G16: =IF(AND(CTRS_Calc!$Y15=1,ISNUMBER(CTRS_Z!$H15)),CTRS_Calc!AB15,"") -> 0.34069738 | H16: =IF(CTRS_Calc!$Y15=1,CTRS_Calc!AC15,"") -> 0.019933134
A17: =CTRS_Calc!A16 -> Selangor | B17: =IF(CTRS_Calc!$Y16=1,CTRS_Calc!J16,"") -> 0.042654028 | C17: =IF(CTRS_Calc!$Y16=1,CTRS_Calc!Z16,"") -> 0.14510452 | D17: =IF(CTRS_Calc!$Y16=1,CTRS_Calc!O16,"") -> 72.833333 | E17: =IF(AND(CTRS_Calc!$Y16=1,CTRS_Calc!$R16>0),CTRS_Calc!S16,"") | F17: =IF(CTRS_Calc!$Y16=1,CTRS_Calc!AA16,"") -> 0.63583333 | G17: =IF(AND(CTRS_Calc!$Y16=1,ISNUMBER(CTRS_Z!$H16)),CTRS_Calc!AB16,"") -> 0 | H17: =IF(CTRS_Calc!$Y16=1,CTRS_Calc!AC16,"") -> 0.26031262
... A19: =CTRS_Calc!A18 -> W.P. Labuan | B19: =IF(CTRS_Calc!$Y18=1,CTRS_Calc!J18,"") -> 0.046511628 | C19: =IF(CTRS_Calc!$Y18=1,CTRS_Calc!Z18,"") -> 0.0039840069 | D19: =IF(CTRS_Calc!$Y18=1,CTRS_Calc!O18,"") -> 79.2 | E19: =IF(AND(CTRS_Calc!$Y18=1,CTRS_Calc!$R18>0),CTRS_Calc!S18,"") | F19: =IF(CTRS_Calc!$Y18=1,CTRS_Calc!AA18,"") -> 0.604 | G19: =IF(AND(CTRS_Calc!$Y18=1,ISNUMBER(CTRS_Z!$H18)),CTRS_Calc!AB18,"") -> 0.051691252 | H19: =IF(CTRS_Calc!$Y18=1,CTRS_Calc!AC18,"") -> 0.18543092
A22: Descriptive statistics
A23: Statistic | B23: Pantai share | C23: X | D23: MMWQI mean | E23: LCC (%) | F23: Y | G23: Z | H23: TSRI
A24: n | B24: =IFERROR(COUNT(B$6:B$19),"") -> 13 | C24: =IFERROR(COUNT(C$6:C$19),"") -> 13 | D24: =IFERROR(COUNT(D$6:D$19),"") -> 13 | E24: =IFERROR(COUNT(E$6:E$19),"") -> 9 | F24: =IFERROR(COUNT(F$6:F$19),"") -> 13 | G24: =IFERROR(COUNT(G$6:G$19),"") -> 11 | H24: =IFERROR(COUNT(H$6:H$19),"") -> 13
A25: Mean | B25: =IFERROR(AVERAGE(B$6:B$19),"") -> 0.17692843 | C25: =IFERROR(AVERAGE(C$6:C$19),"") -> 0.41460974 | D25: =IFERROR(AVERAGE(D$6:D$19),"") -> 85.340335 | E25: =IFERROR(AVERAGE(E$6:E$19),"") -> 42.9634 | F25: =IFERROR(AVERAGE(F$6:F$19),"") -> 0.42457886 | G25: =IFERROR(AVERAGE(G$6:G$19),"") -> 0.20255732 | H25: =IFERROR(AVERAGE(H$6:H$19),"") -> 0.22259798
A26: SD | B26: =IFERROR(STDEV(B$6:B$19),"") -> 0.15530997 | C26: =IFERROR(STDEV(C$6:C$19),"") -> 0.34285604 | D26: =IFERROR(STDEV(D$6:D$19),"") -> 8.4046237 | E26: =IFERROR(STDEV(E$6:E$19),"") -> 13.856436 | F26: =IFERROR(STDEV(F$6:F$19),"") -> 0.13397776 | G26: =IFERROR(STDEV(G$6:G$19),"") -> 0.22766955 | H26: =IFERROR(STDEV(H$6:H$19),"") -> 0.11987399
A27: Min | B27: =IFERROR(MIN(B$6:B$19),"") -> 0.012820513 | C27: =IFERROR(MIN(C$6:C$19),"") -> 0.0039840069 | D27: =IFERROR(MIN(D$6:D$19),"") -> 72.833333 | E27: =IFERROR(MIN(E$6:E$19),"") -> 16.56 | F27: =IFERROR(MIN(F$6:F$19),"") -> 0.23459722 | G27: =IFERROR(MIN(G$6:G$19),"") -> 0 | H27: =IFERROR(MIN(H$6:H$19),"") -> 0.019933134
A28: Q1 | B28: =IFERROR(QUARTILE(B$6:B$19,1),"") -> 0.059360731 | C28: =IFERROR(QUARTILE(C$6:C$19,1),"") -> 0.14510452 | D28: =IFERROR(QUARTILE(D$6:D$19,1),"") -> 79.2 | E28: =IFERROR(QUARTILE(E$6:E$19,1),"") -> 32.504 | F28: =IFERROR(QUARTILE(F$6:F$19,1),"") -> 0.31370226 | G28: =IFERROR(QUARTILE(G$6:G$19,1),"") -> 0.038381724 | H28: =IFERROR(QUARTILE(H$6:H$19,1),"") -> 0.14452428
A29: Median | B29: =IFERROR(MEDIAN(B$6:B$19),"") -> 0.13508065 | C29: =IFERROR(MEDIAN(C$6:C$19),"") -> 0.36761971 | D29: =IFERROR(MEDIAN(D$6:D$19),"") -> 82.37931 | E29: =IFERROR(MEDIAN(E$6:E$19),"") -> 48.500652 | F29: =IFERROR(MEDIAN(F$6:F$19),"") -> 0.41096312 | G29: =IFERROR(MEDIAN(G$6:G$19),"") -> 0.11766119 | H29: =IFERROR(MEDIAN(H$6:H$19),"") -> 0.24755799
A30: Q3 | B30: =IFERROR(QUARTILE(B$6:B$19,3),"") -> 0.24375 | C30: =IFERROR(QUARTILE(C$6:C$19,3),"") -> 0.51237228 | D30: =IFERROR(QUARTILE(D$6:D$19,3),"") -> 93.375 | E30: =IFERROR(QUARTILE(E$6:E$19,3),"") -> 53.34 | F30: =IFERROR(QUARTILE(F$6:F$19,3),"") -> 0.5275 | G30: =IFERROR(QUARTILE(G$6:G$19,3),"") -> 0.29743458 | H30: =IFERROR(QUARTILE(H$6:H$19,3),"") -> 0.29837324
A31: Max | B31: =IFERROR(MAX(B$6:B$19),"") -> 0.54581673 | C31: =IFERROR(MAX(C$6:C$19),"") -> 1 | D31: =IFERROR(MAX(D$6:D$19),"") -> 94.5 | E31: =IFERROR(MAX(E$6:E$19),"") -> 58.858333 | F31: =IFERROR(MAX(F$6:F$19),"") -> 0.63583333 | G31: =IFERROR(MAX(G$6:G$19),"") -> 0.66325507 | H31: =IFERROR(MAX(H$6:H$19),"") -> 0.40632582
A32: Range | B32: =IFERROR(MAX(B$6:B$19)-MIN(B$6:B$19),"") -> 0.53299622 | C32: =IFERROR(MAX(C$6:C$19)-MIN(C$6:C$19),"") -> 0.99601599 | D32: =IFERROR(MAX(D$6:D$19)-MIN(D$6:D$19),"") -> 21.666667 | E32: =IFERROR(MAX(E$6:E$19)-MIN(E$6:E$19),"") -> 42.298333 | F32: =IFERROR(MAX(F$6:F$19)-MIN(F$6:F$19),"") -> 0.40123611 | G32: =IFERROR(MAX(G$6:G$19)-MIN(G$6:G$19),"") -> 0.66325507 | H32: =IFERROR(MAX(H$6:H$19)-MIN(H$6:H$19),"") -> 0.38639268
A33: CV (SD/mean) | B33: =IFERROR(STDEV(B$6:B$19)/AVERAGE(B$6:B$19),"") -> 0.87781242 | C33: =IFERROR(STDEV(C$6:C$19)/AVERAGE(C$6:C$19),"") -> 0.82693677 | D33: =IFERROR(STDEV(D$6:D$19)/AVERAGE(D$6:D$19),"") -> 0.098483603 | E33: =IFERROR(STDEV(E$6:E$19)/AVERAGE(E$6:E$19),"") -> 0.32251722 | F33: =IFERROR(STDEV(F$6:F$19)/AVERAGE(F$6:F$19),"") -> 0.31555448 | G33: =IFERROR(STDEV(G$6:G$19)/AVERAGE(G$6:G$19),"") -> 1.1239759 | H33: =IFERROR(STDEV(H$6:H$19)/AVERAGE(H$6:H$19),"") -> 0.53852238
A34: Skewness | B34: =IFERROR(SKEW(B$6:B$19),"") -> 1.3284354 | C34: =IFERROR(SKEW(C$6:C$19),"") -> 0.63772636 | D34: =IFERROR(SKEW(D$6:D$19),"") -> -0.13542542 | E34: =IFERROR(SKEW(E$6:E$19),"") -> -0.87540225 | F34: =IFERROR(SKEW(F$6:F$19),"") -> 0.24425226 | G34: =IFERROR(SKEW(G$6:G$19),"") -> 1.1527088 | H34: =IFERROR(SKEW(H$6:H$19),"") -> -0.34602438
A35: Excess kurtosis | B35: =IFERROR(KURT(B$6:B$19),"") -> 1.4302346 | C35: =IFERROR(KURT(C$6:C$19),"") -> -0.85261258 | D35: =IFERROR(KURT(D$6:D$19),"") -> -1.8189246 | E35: =IFERROR(KURT(E$6:E$19),"") -> -0.04737355 | F35: =IFERROR(KURT(F$6:F$19),"") -> -1.187519 | G35: =IFERROR(KURT(G$6:G$19),"") -> 0.24681007 | H35: =IFERROR(KURT(H$6:H$19),"") -> -0.55005358
A38: Pearson correlation (heatmap: blue = −1, white = 0, red = +1)
B39: X | C39: MMWQI | D39: LCC | E39: Y | F39: Z | G39: TSRI
A40: X | B40: =IFERROR(CORREL(C$6:C$19,C$6:C$19),"") -> 1 | C40: =IFERROR(CORREL(C$6:C$19,D$6:D$19),"") -> 0.81869499 | D40: =IFERROR(CORREL(C$6:C$19,E$6:E$19),"") -> 0.32441638 | E40: =IFERROR(CORREL(C$6:C$19,F$6:F$19),"") -> -0.75789651 | F40: =IFERROR(CORREL(C$6:C$19,G$6:G$19),"") -> -0.12544698 | G40: =IFERROR(CORREL(C$6:C$19,H$6:H$19),"") -> 0.69875365
A41: MMWQI | B41: =IFERROR(CORREL(D$6:D$19,C$6:C$19),"") -> 0.81869499 | C41: =IFERROR(CORREL(D$6:D$19,D$6:D$19),"") -> 1 | D41: =IFERROR(CORREL(D$6:D$19,E$6:E$19),"") -> -0.014891727 | E41: =IFERROR(CORREL(D$6:D$19,F$6:F$19),"") -> -0.52101628 | F41: =IFERROR(CORREL(D$6:D$19,G$6:G$19),"") -> -0.026920426 | G41: =IFERROR(CORREL(D$6:D$19,H$6:H$19),"") -> 0.63056138
A42: LCC | B42: =IFERROR(CORREL(E$6:E$19,C$6:C$19),"") -> 0.32441638 | C42: =IFERROR(CORREL(E$6:E$19,D$6:D$19),"") -> -0.014891727 | D42: =IFERROR(CORREL(E$6:E$19,E$6:E$19),"") -> 1 | E42: =IFERROR(CORREL(E$6:E$19,F$6:F$19),"") -> -0.85929111 | F42: =IFERROR(CORREL(E$6:E$19,G$6:G$19),"") -> -0.63301108 | G42: =IFERROR(CORREL(E$6:E$19,H$6:H$19),"") -> 0.4540018
A43: Y | B43: =IFERROR(CORREL(F$6:F$19,C$6:C$19),"") -> -0.75789651 | C43: =IFERROR(CORREL(F$6:F$19,D$6:D$19),"") -> -0.52101628 | D43: =IFERROR(CORREL(F$6:F$19,E$6:E$19),"") -> -0.85929111 | E43: =IFERROR(CORREL(F$6:F$19,F$6:F$19),"") -> 1 | F43: =IFERROR(CORREL(F$6:F$19,G$6:G$19),"") -> 0.030564971 | G43: =IFERROR(CORREL(F$6:F$19,H$6:H$19),"") -> -0.2707602
A44: Z | B44: =IFERROR(CORREL(G$6:G$19,C$6:C$19),"") -> -0.12544698 | C44: =IFERROR(CORREL(G$6:G$19,D$6:D$19),"") -> -0.026920426 | D44: =IFERROR(CORREL(G$6:G$19,E$6:E$19),"") -> -0.63301108 | E44: =IFERROR(CORREL(G$6:G$19,F$6:F$19),"") -> 0.030564971 | F44: =IFERROR(CORREL(G$6:G$19,G$6:G$19),"") -> 1 | G44: =IFERROR(CORREL(G$6:G$19,H$6:H$19),"") -> -0.6988466
A45: TSRI | B45: =IFERROR(CORREL(H$6:H$19,C$6:C$19),"") -> 0.69875365 | C45: =IFERROR(CORREL(H$6:H$19,D$6:D$19),"") -> 0.63056138 | D45: =IFERROR(CORREL(H$6:H$19,E$6:E$19),"") -> 0.4540018 | E45: =IFERROR(CORREL(H$6:H$19,F$6:F$19),"") -> -0.2707602 | F45: =IFERROR(CORREL(H$6:H$19,G$6:G$19),"") -> -0.6988466 | G45: =IFERROR(CORREL(H$6:H$19,H$6:H$19),"") -> 1
A47: Note: TSRI is a linear mix of X, Y, Z, so its correlations with them are partly mechanical. n is small — treat correlations as descriptive.
A48: LCC column uses only states with real LCC data; Z column uses only states with a real Z (a state with no total marine area is blank); other columns use all included states.

Sheet CTRS_Z
A1: Z = Σ(MPA area × protection weight) / total marine area
A2: National Territorial Sea (ha), from MPA sheet | D2: =SUMIFS(CTRS_MPA!$F$6:$F$123,CTRS_MPA!$A$6:$A$123,"Malaysia Territorial Sea") -> 12024200
A4: State | B4: MyIMCA search key | C4: Protection-weighted MPA area (ha) | D4: MyIMCA marine area (ha) | E4: Manual total marine area (ha) — optional | F4: Total marine area used (ha) | G4: Ratio | H4: Z | I4: Flag | J4: MPA area, unweighted (ha) | K4: Avg protection strength (weighted / unweighted)
A5: Johor | B5: Johor | C5: =SUMIFS(CTRS_MPA!$H$6:$H$123,CTRS_MPA!$C$6:$C$123,$A5) -> 82753.5 | D5: =SUMPRODUCT(--ISNUMBER(SEARCH($B5,CTRS_IMCA!$B$6:$B$63)),CTRS_IMCA!$E$6:$E$63) -> 464070 | F5: =IF(CTRS_Control!$C$31="MYIMCA",$D5,IF(CTRS_Control!$C$31="NATIONAL_SEA",$D$2,IF(ISNUMBER($E5),$E5,0))) -> 464070 | G5: =IF($F5>0,$C5/$F5,"") -> 0.17832116 | H5: =IF($G5="","",IF(CTRS_Control!$C$31="NATIONAL_SEA",$G5/MAX($G$5:$G$18),MIN(1,$G5))) -> 0.17832116 | I5: =TRIM(IF($G5="","No total marine area for this state → Z = 0. ","")&IF(AND($G5<>"",CTRS_Control!$C$31<>"NATIONAL_SEA",$G5>1),"Protected area > total area: capped at 1. ","")&IF($C5=0,"No MPA listed for this state.","")) | J5: =SUMIFS(CTRS_MPA!$F$6:$F$123,CTRS_MPA!$C$6:$C$123,$A5,CTRS_MPA!$D$6:$D$123,"MPA*") -> 82759 | K5: =IF($J5>0,$C5/$J5,"") -> 0.99993354
A6: Kedah | B6: Kedah | C6: =SUMIFS(CTRS_MPA!$H$6:$H$123,CTRS_MPA!$C$6:$C$123,$A6) -> 18700 | D6: =SUMPRODUCT(--ISNUMBER(SEARCH($B6,CTRS_IMCA!$B$6:$B$63)),CTRS_IMCA!$E$6:$E$63) -> 639117.8 | F6: =IF(CTRS_Control!$C$31="MYIMCA",$D6,IF(CTRS_Control!$C$31="NATIONAL_SEA",$D$2,IF(ISNUMBER($E6),$E6,0))) -> 639117.8 | G6: =IF($F6>0,$C6/$F6,"") -> 0.029259082 | H6: =IF($G6="","",IF(CTRS_Control!$C$31="NATIONAL_SEA",$G6/MAX($G$5:$G$18),MIN(1,$G6))) -> 0.029259082 | I6: =TRIM(IF($G6="","No total marine area for this state → Z = 0. ","")&IF(AND($G6<>"",CTRS_Control!$C$31<>"NATIONAL_SEA",$G6>1),"Protected area > total area: capped at 1. ","")&IF($C6=0,"No MPA listed for this state.","")) | J6: =SUMIFS(CTRS_MPA!$F$6:$F$123,CTRS_MPA!$C$6:$C$123,$A6,CTRS_MPA!$D$6:$D$123,"MPA*") -> 18700 | K6: =IF($J6>0,$C6/$J6,"") -> 1
A7: Kelantan | B7: Kelantan | C7: =SUMIFS(CTRS_MPA!$H$6:$H$123,CTRS_MPA!$C$6:$C$123,$A7) -> 0 | D7: =SUMPRODUCT(--ISNUMBER(SEARCH($B7,CTRS_IMCA!$B$6:$B$63)),CTRS_IMCA!$E$6:$E$63) -> 0 | F7: =IF(CTRS_Control!$C$31="MYIMCA",$D7,IF(CTRS_Control!$C$31="NATIONAL_SEA",$D$2,IF(ISNUMBER($E7),$E7,0))) -> 0 | G7: =IF($F7>0,$C7/$F7,"") | H7: =IF($G7="","",IF(CTRS_Control!$C$31="NATIONAL_SEA",$G7/MAX($G$5:$G$18),MIN(1,$G7))) | I7: =TRIM(IF($G7="","No total marine area for this state → Z = 0. ","")&IF(AND($G7<>"",CTRS_Control!$C$31<>"NATIONAL_SEA",$G7>1),"Protected area > total area: capped at 1. ","")&IF($C7=0,"No MPA listed for this state.","")) -> No total marine area for this state → Z = 0. No MPA listed for this state. | J7: =SUMIFS(CTRS_MPA!$F$6:$F$123,CTRS_MPA!$C$6:$C$123,$A7,CTRS_MPA!$D$6:$D$123,"MPA*") -> 0 | K7: =IF($J7>0,$C7/$J7,"")
A8: Melaka | B8: Melaka | C8: =SUMIFS(CTRS_MPA!$H$6:$H$123,CTRS_MPA!$C$6:$C$123,$A8) -> 1542.3333 | D8: =SUMPRODUCT(--ISNUMBER(SEARCH($B8,CTRS_IMCA!$B$6:$B$63)),CTRS_IMCA!$E$6:$E$63) -> 2325.4 | F8: =IF(CTRS_Control!$C$31="MYIMCA",$D8,IF(CTRS_Control!$C$31="NATIONAL_SEA",$D$2,IF(ISNUMBER($E8),$E8,0))) -> 2325.4 | G8: =IF($F8>0,$C8/$F8,"") -> 0.66325507 | H8: =IF($G8="","",IF(CTRS_Control!$C$31="NATIONAL_SEA",$G8/MAX($G$5:$G$18),MIN(1,$G8))) -> 0.66325507 | I8: =TRIM(IF($G8="","No total marine area for this state → Z = 0. ","")&IF(AND($G8<>"",CTRS_Control!$C$31<>"NATIONAL_SEA",$G8>1),"Protected area > total area: capped at 1. ","")&IF($C8=0,"No MPA listed for this state.","")) | J8: =SUMIFS(CTRS_MPA!$F$6:$F$123,CTRS_MPA!$C$6:$C$123,$A8,CTRS_MPA!$D$6:$D$123,"MPA*") -> 2318 | K8: =IF($J8>0,$C8/$J8,"") -> 0.66537245
A9: Negeri Sembilan | B9: Negeri Sembilan | C9: =SUMIFS(CTRS_MPA!$H$6:$H$123,CTRS_MPA!$C$6:$C$123,$A9) -> 1268.6667 | D9: =SUMPRODUCT(--ISNUMBER(SEARCH($B9,CTRS_IMCA!$B$6:$B$63)),CTRS_IMCA!$E$6:$E$63) -> 2325.4 | F9: =IF(CTRS_Control!$C$31="MYIMCA",$D9,IF(CTRS_Control!$C$31="NATIONAL_SEA",$D$2,IF(ISNUMBER($E9),$E9,0))) -> 2325.4 | G9: =IF($F9>0,$C9/$F9,"") -> 0.54556922 | H9: =IF($G9="","",IF(CTRS_Control!$C$31="NATIONAL_SEA",$G9/MAX($G$5:$G$18),MIN(1,$G9))) -> 0.54556922 | I9: =TRIM(IF($G9="","No total marine area for this state → Z = 0. ","")&IF(AND($G9<>"",CTRS_Control!$C$31<>"NATIONAL_SEA",$G9>1),"Protected area > total area: capped at 1. ","")&IF($C9=0,"No MPA listed for this state.","")) | J9: =SUMIFS(CTRS_MPA!$F$6:$F$123,CTRS_MPA!$C$6:$C$123,$A9,CTRS_MPA!$D$6:$D$123,"MPA*") -> 1904 | K9: =IF($J9>0,$C9/$J9,"") -> 0.66631653
A10: Pahang | B10: Pahang | C10: =SUMIFS(CTRS_MPA!$H$6:$H$123,CTRS_MPA!$C$6:$C$123,$A10) -> 53556 | D10: =SUMPRODUCT(--ISNUMBER(SEARCH($B10,CTRS_IMCA!$B$6:$B$63)),CTRS_IMCA!$E$6:$E$63) -> 1127391.1 | F10: =IF(CTRS_Control!$C$31="MYIMCA",$D10,IF(CTRS_Control!$C$31="NATIONAL_SEA",$D$2,IF(ISNUMBER($E10),$E10,0))) -> 1127391.1 | G10: =IF($F10>0,$C10/$F10,"") -> 0.047504366 | H10: =IF($G10="","",IF(CTRS_Control!$C$31="NATIONAL_SEA",$G10/MAX($G$5:$G$18),MIN(1,$G10))) -> 0.047504366 | I10: =TRIM(IF($G10="","No total marine area for this state → Z = 0. ","")&IF(AND($G10<>"",CTRS_Control!$C$31<>"NATIONAL_SEA",$G10>1),"Protected area > total area: capped at 1. ","")&IF($C10=0,"No MPA listed for this state.","")) | J10: =SUMIFS(CTRS_MPA!$F$6:$F$123,CTRS_MPA!$C$6:$C$123,$A10,CTRS_MPA!$D$6:$D$123,"MPA*") -> 53612 | K10: =IF($J10>0,$C10/$J10,"") -> 0.99895546
A11: Perak | B11: Perak | C11: =SUMIFS(CTRS_MPA!$H$6:$H$123,CTRS_MPA!$C$6:$C$123,$A11) -> 0 | D11: =SUMPRODUCT(--ISNUMBER(SEARCH($B11,CTRS_IMCA!$B$6:$B$63)),CTRS_IMCA!$E$6:$E$63) -> 698631.4 | F11: =IF(CTRS_Control!$C$31="MYIMCA",$D11,IF(CTRS_Control!$C$31="NATIONAL_SEA",$D$2,IF(ISNUMBER($E11),$E11,0))) -> 698631.4 | G11: =IF($F11>0,$C11/$F11,"") -> 0 | H11: =IF($G11="","",IF(CTRS_Control!$C$31="NATIONAL_SEA",$G11/MAX($G$5:$G$18),MIN(1,$G11))) -> 0 | I11: =TRIM(IF($G11="","No total marine area for this state → Z = 0. ","")&IF(AND($G11<>"",CTRS_Control!$C$31<>"NATIONAL_SEA",$G11>1),"Protected area > total area: capped at 1. ","")&IF($C11=0,"No MPA listed for this state.","")) -> No MPA listed for this state. | J11: =SUMIFS(CTRS_MPA!$F$6:$F$123,CTRS_MPA!$C$6:$C$123,$A11,CTRS_MPA!$D$6:$D$123,"MPA*") -> 0 | K11: =IF($J11>0,$C11/$J11,"")
A12: Perlis | B12: Perlis | C12: =SUMIFS(CTRS_MPA!$H$6:$H$123,CTRS_MPA!$C$6:$C$123,$A12) -> 0 | D12: =SUMPRODUCT(--ISNUMBER(SEARCH($B12,CTRS_IMCA!$B$6:$B$63)),CTRS_IMCA!$E$6:$E$63) -> 0 | F12: =IF(CTRS_Control!$C$31="MYIMCA",$D12,IF(CTRS_Control!$C$31="NATIONAL_SEA",$D$2,IF(ISNUMBER($E12),$E12,0))) -> 0 | G12: =IF($F12>0,$C12/$F12,"") | H12: =IF($G12="","",IF(CTRS_Control!$C$31="NATIONAL_SEA",$G12/MAX($G$5:$G$18),MIN(1,$G12))) | I12: =TRIM(IF($G12="","No total marine area for this state → Z = 0. ","")&IF(AND($G12<>"",CTRS_Control!$C$31<>"NATIONAL_SEA",$G12>1),"Protected area > total area: capped at 1. ","")&IF($C12=0,"No MPA listed for this state.","")) -> No total marine area for this state → Z = 0. No MPA listed for this state. | J12: =SUMIFS(CTRS_MPA!$F$6:$F$123,CTRS_MPA!$C$6:$C$123,$A12,CTRS_MPA!$D$6:$D$123,"MPA*") -> 0 | K12: =IF($J12>0,$C12/$J12,"")
A13: Pulau Pinang | B13: Pulau Pinang | C13: =SUMIFS(CTRS_MPA!$H$6:$H$123,CTRS_MPA!$C$6:$C$123,$A13) -> 600 | D13: =SUMPRODUCT(--ISNUMBER(SEARCH($B13,CTRS_IMCA!$B$6:$B$63)),CTRS_IMCA!$E$6:$E$63) -> 0 | F13: =IF(CTRS_Control!$C$31="MYIMCA",$D13,IF(CTRS_Control!$C$31="NATIONAL_SEA",$D$2,IF(ISNUMBER($E13),$E13,0))) -> 0 | G13: =IF($F13>0,$C13/$F13,"") | H13: =IF($G13="","",IF(CTRS_Control!$C$31="NATIONAL_SEA",$G13/MAX($G$5:$G$18),MIN(1,$G13))) | I13: =TRIM(IF($G13="","No total marine area for this state → Z = 0. ","")&IF(AND($G13<>"",CTRS_Control!$C$31<>"NATIONAL_SEA",$G13>1),"Protected area > total area: capped at 1. ","")&IF($C13=0,"No MPA listed for this state.","")) -> No total marine area for this state → Z = 0. | J13: =SUMIFS(CTRS_MPA!$F$6:$F$123,CTRS_MPA!$C$6:$C$123,$A13,CTRS_MPA!$D$6:$D$123,"MPA*") -> 1200 | K13: =IF($J13>0,$C13/$J13,"") -> 0.5
A14: Sabah | B14: Sabah | C14: =SUMIFS(CTRS_MPA!$H$6:$H$123,CTRS_MPA!$C$6:$C$123,$A14) -> 814166.67 | D14: =SUMPRODUCT(--ISNUMBER(SEARCH($B14,CTRS_IMCA!$B$6:$B$63)),CTRS_IMCA!$E$6:$E$63) -> 6919585.5 | F14: =IF(CTRS_Control!$C$31="MYIMCA",$D14,IF(CTRS_Control!$C$31="NATIONAL_SEA",$D$2,IF(ISNUMBER($E14),$E14,0))) -> 6919585.5 | G14: =IF($F14>0,$C14/$F14,"") -> 0.11766119 | H14: =IF($G14="","",IF(CTRS_Control!$C$31="NATIONAL_SEA",$G14/MAX($G$5:$G$18),MIN(1,$G14))) -> 0.11766119 | I14: =TRIM(IF($G14="","No total marine area for this state → Z = 0. ","")&IF(AND($G14<>"",CTRS_Control!$C$31<>"NATIONAL_SEA",$G14>1),"Protected area > total area: capped at 1. ","")&IF($C14=0,"No MPA listed for this state.","")) | J14: =SUMIFS(CTRS_MPA!$F$6:$F$123,CTRS_MPA!$C$6:$C$123,$A14,CTRS_MPA!$D$6:$D$123,"MPA*") -> 953500 | K14: =IF($J14>0,$C14/$J14,"") -> 0.8538717
A15: Sarawak | B15: Sarawak | C15: =SUMIFS(CTRS_MPA!$H$6:$H$123,CTRS_MPA!$C$6:$C$123,$A15) -> 887777.33 | D15: =SUMPRODUCT(--ISNUMBER(SEARCH($B15,CTRS_IMCA!$B$6:$B$63)),CTRS_IMCA!$E$6:$E$63) -> 2605765.1 | F15: =IF(CTRS_Control!$C$31="MYIMCA",$D15,IF(CTRS_Control!$C$31="NATIONAL_SEA",$D$2,IF(ISNUMBER($E15),$E15,0))) -> 2605765.1 | G15: =IF($F15>0,$C15/$F15,"") -> 0.34069738 | H15: =IF($G15="","",IF(CTRS_Control!$C$31="NATIONAL_SEA",$G15/MAX($G$5:$G$18),MIN(1,$G15))) -> 0.34069738 | I15: =TRIM(IF($G15="","No total marine area for this state → Z = 0. ","")&IF(AND($G15<>"",CTRS_Control!$C$31<>"NATIONAL_SEA",$G15>1),"Protected area > total area: capped at 1. ","")&IF($C15=0,"No MPA listed for this state.","")) | J15: =SUMIFS(CTRS_MPA!$F$6:$F$123,CTRS_MPA!$C$6:$C$123,$A15,CTRS_MPA!$D$6:$D$123,"MPA*") -> 1331656 | K15: =IF($J15>0,$C15/$J15,"") -> 0.66667167
A16: Selangor | B16: Selangor | C16: =SUMIFS(CTRS_MPA!$H$6:$H$123,CTRS_MPA!$C$6:$C$123,$A16) -> 0 | D16: =SUMPRODUCT(--ISNUMBER(SEARCH($B16,CTRS_IMCA!$B$6:$B$63)),CTRS_IMCA!$E$6:$E$63) -> 31062.2 | F16: =IF(CTRS_Control!$C$31="MYIMCA",$D16,IF(CTRS_Control!$C$31="NATIONAL_SEA",$D$2,IF(ISNUMBER($E16),$E16,0))) -> 31062.2 | G16: =IF($F16>0,$C16/$F16,"") -> 0 | H16: =IF($G16="","",IF(CTRS_Control!$C$31="NATIONAL_SEA",$G16/MAX($G$5:$G$18),MIN(1,$G16))) -> 0 | I16: =TRIM(IF($G16="","No total marine area for this state → Z = 0. ","")&IF(AND($G16<>"",CTRS_Control!$C$31<>"NATIONAL_SEA",$G16>1),"Protected area > total area: capped at 1. ","")&IF($C16=0,"No MPA listed for this state.","")) -> No MPA listed for this state. | J16: =SUMIFS(CTRS_MPA!$F$6:$F$123,CTRS_MPA!$C$6:$C$123,$A16,CTRS_MPA!$D$6:$D$123,"MPA*") -> 0 | K16: =IF($J16>0,$C16/$J16,"")
... A18: W.P. Labuan | B18: Labuan | C18: =SUMIFS(CTRS_MPA!$H$6:$H$123,CTRS_MPA!$C$6:$C$123,$A18) -> 4500 | D18: =SUMPRODUCT(--ISNUMBER(SEARCH($B18,CTRS_IMCA!$B$6:$B$63)),CTRS_IMCA!$E$6:$E$63) -> 87055.35 | F18: =IF(CTRS_Control!$C$31="MYIMCA",$D18,IF(CTRS_Control!$C$31="NATIONAL_SEA",$D$2,IF(ISNUMBER($E18),$E18,0))) -> 87055.35 | G18: =IF($F18>0,$C18/$F18,"") -> 0.051691252 | H18: =IF($G18="","",IF(CTRS_Control!$C$31="NATIONAL_SEA",$G18/MAX($G$5:$G$18),MIN(1,$G18))) -> 0.051691252 | I18: =TRIM(IF($G18="","No total marine area for this state → Z = 0. ","")&IF(AND($G18<>"",CTRS_Control!$C$31<>"NATIONAL_SEA",$G18>1),"Protected area > total area: capped at 1. ","")&IF($C18=0,"No MPA listed for this state.","")) | J18: =SUMIFS(CTRS_MPA!$F$6:$F$123,CTRS_MPA!$C$6:$C$123,$A18,CTRS_MPA!$D$6:$D$123,"MPA*") -> 4500 | K18: =IF($J18>0,$C18/$J18,"") -> 1
A20: Notes
A21: Z_DENOM MYIMCA: the total is the sum of MyIMCA sites for the state; shared sites (e.g. Johor/Pahang) are split equally. Sites with a missing area count as 0, so some denominators are slightly low.
A22: Z_DENOM NATIONAL_SEA: every state uses the national Territorial Sea; Z is the ratio divided by the largest state ratio so it sits on a 0–1 scale.
A23: MPA areas may overlap (e.g. Miri-Sibuti park contains the Miri and Sibuti reef areas); the sum can double count. Luconia Shoals (Sarawak) is far offshore.
A24: States with no MPA rows in the MPA sheet (Selangor, Perak, Kelantan, Perlis) get protected area 0. Column K shows how strict a state's MPAs are on average (1 = all most-restrictive).

Sheet CTRS_MPA
A1: MPA sites cleaned: state mapping, area in ha, protected weight
A2: Reads sheet MPA (rows 3–120). Blue mapping table on the right fixes location names (e.g. "Pehang" typo → Pahang). Add a row there if a new location appears (shows "?").
A5: Name | B5: LOCATION (raw) | C5: State (standard) | D5: TYPE | E5: SIZE (text) | F5: Area (ha) | G5: Type weight | H5: Protected ha counted | J5: LOCATION in MPA sheet | K5: Standard state
A6: =IF(MPA!$B3="","",MPA!$B3) -> Malaysia EEZ | B6: =IF($A6="","",MPA!$C3) -> Malaysia | C6: =IF($A6="","",IFERROR(INDEX($K$6:$K$25,MATCH($B6,$J$6:$J$25,0)),"?")) -> NATIONAL | D6: =IF($A6="","",MPA!$D3) -> Non-MPA Jurisdictional Authority Area | E6: =IF($A6="","",MPA!$E3) -> 510,804 km2 | F6: =IF($A6="","",IFERROR(VALUE(SUBSTITUTE(SUBSTITUTE(SUBSTITUTE($E6,"<",""),",","")," km2",""))*100,0)) -> 51080400 | G6: =IF($A6="","",IFERROR(INDEX(CTRS_Control!$C$35:$C$40,MATCH($D6,CTRS_Control!$B$35:$B$40,0)),0)) -> 0 | H6: =IF($A6="","",$F6*$G6) -> 0 | J6: Malaysia | K6: NATIONAL
A7: =IF(MPA!$B4="","",MPA!$B4) -> Malaysia Territorial Sea | B7: =IF($A7="","",MPA!$C4) -> Malaysia | C7: =IF($A7="","",IFERROR(INDEX($K$6:$K$25,MATCH($B7,$J$6:$J$25,0)),"?")) -> NATIONAL | D7: =IF($A7="","",MPA!$D4) -> Non-MPA Jurisdictional Authority Area | E7: =IF($A7="","",MPA!$E4) -> 120,242 km2 | F7: =IF($A7="","",IFERROR(VALUE(SUBSTITUTE(SUBSTITUTE(SUBSTITUTE($E7,"<",""),",","")," km2",""))*100,0)) -> 12024200 | G7: =IF($A7="","",IFERROR(INDEX(CTRS_Control!$C$35:$C$40,MATCH($D7,CTRS_Control!$B$35:$B$40,0)),0)) -> 0 | H7: =IF($A7="","",$F7*$G7) -> 0 | J7: Malaysia, Johor | K7: Johor
A8: =IF(MPA!$B5="","",MPA!$B5) -> Penang National Park | B8: =IF($A8="","",MPA!$C5) -> Malaysia, Penang | C8: =IF($A8="","",IFERROR(INDEX($K$6:$K$25,MATCH($B8,$J$6:$J$25,0)),"?")) -> Pulau Pinang | D8: =IF($A8="","",MPA!$D5) -> MPA Least Restrictive | E8: =IF($A8="","",MPA!$E5) -> 12 km2 | F8: =IF($A8="","",IFERROR(VALUE(SUBSTITUTE(SUBSTITUTE(SUBSTITUTE($E8,"<",""),",","")," km2",""))*100,0)) -> 1200 | G8: =IF($A8="","",IFERROR(INDEX(CTRS_Control!$C$35:$C$40,MATCH($D8,CTRS_Control!$B$35:$B$40,0)),0)) -> 0.5 | H8: =IF($A8="","",$F8*$G8) -> 600 | J8: Malaysia, Kedah | K8: Kedah
A9: =IF(MPA!$B6="","",MPA!$B6) -> Pulau Aur Marine Park | B9: =IF($A9="","",MPA!$C6) -> Malaysia, Johor | C9: =IF($A9="","",IFERROR(INDEX($K$6:$K$25,MATCH($B9,$J$6:$J$25,0)),"?")) -> Johor | D9: =IF($A9="","",MPA!$D6) -> MPA Most Restrictive | E9: =IF($A9="","",MPA!$E6) -> 100 km2 | F9: =IF($A9="","",IFERROR(VALUE(SUBSTITUTE(SUBSTITUTE(SUBSTITUTE($E9,"<",""),",","")," km2",""))*100,0)) -> 10000 | G9: =IF($A9="","",IFERROR(INDEX(CTRS_Control!$C$35:$C$40,MATCH($D9,CTRS_Control!$B$35:$B$40,0)),0)) -> 1 | H9: =IF($A9="","",$F9*$G9) -> 10000 | J9: Malaysia, Malacca | K9: Melaka
A10: =IF(MPA!$B7="","",MPA!$B7) -> Pulau Tinggi Marine Park | B10: =IF($A10="","",MPA!$C7) -> Malaysia, Johor | C10: =IF($A10="","",IFERROR(INDEX($K$6:$K$25,MATCH($B10,$J$6:$J$25,0)),"?")) -> Johor | D10: =IF($A10="","",MPA!$D7) -> MPA Most Restrictive | E10: =IF($A10="","",MPA!$E7) -> 100 km2 | F10: =IF($A10="","",IFERROR(VALUE(SUBSTITUTE(SUBSTITUTE(SUBSTITUTE($E10,"<",""),",","")," km2",""))*100,0)) -> 10000 | G10: =IF($A10="","",IFERROR(INDEX(CTRS_Control!$C$35:$C$40,MATCH($D10,CTRS_Control!$B$35:$B$40,0)),0)) -> 1 | H10: =IF($A10="","",$F10*$G10) -> 10000 | J10: Malaysia, Negeri Sembilan | K10: Negeri Sembilan
A11: =IF(MPA!$B8="","",MPA!$B8) -> Pulau Pemanggil Marine Park | B11: =IF($A11="","",MPA!$C8) -> Malaysia, Johor | C11: =IF($A11="","",IFERROR(INDEX($K$6:$K$25,MATCH($B11,$J$6:$J$25,0)),"?")) -> Johor | D11: =IF($A11="","",MPA!$D8) -> MPA Most Restrictive | E11: =IF($A11="","",MPA!$E8) -> 95 km2 | F11: =IF($A11="","",IFERROR(VALUE(SUBSTITUTE(SUBSTITUTE(SUBSTITUTE($E11,"<",""),",","")," km2",""))*100,0)) -> 9500 | G11: =IF($A11="","",IFERROR(INDEX(CTRS_Control!$C$35:$C$40,MATCH($D11,CTRS_Control!$B$35:$B$40,0)),0)) -> 1 | H11: =IF($A11="","",$F11*$G11) -> 9500 | J11: Malaysia, Pahang | K11: Pahang
A12: =IF(MPA!$B9="","",MPA!$B9) -> Pulau Sibu Marine Park | B12: =IF($A12="","",MPA!$C9) -> Malaysia, Johor | C12: =IF($A12="","",IFERROR(INDEX($K$6:$K$25,MATCH($B12,$J$6:$J$25,0)),"?")) -> Johor | D12: =IF($A12="","",MPA!$D9) -> MPA Most Restrictive | E12: =IF($A12="","",MPA!$E9) -> 90 km2 | F12: =IF($A12="","",IFERROR(VALUE(SUBSTITUTE(SUBSTITUTE(SUBSTITUTE($E12,"<",""),",","")," km2",""))*100,0)) -> 9000 | G12: =IF($A12="","",IFERROR(INDEX(CTRS_Control!$C$35:$C$40,MATCH($D12,CTRS_Control!$B$35:$B$40,0)),0)) -> 1 | H12: =IF($A12="","",$F12*$G12) -> 9000 | J12: Malaysia, Pehang | K12: Pahang
A13: =IF(MPA!$B10="","",MPA!$B10) -> Pulau Babi Besar Marine Park | B13: =IF($A13="","",MPA!$C10) -> Malaysia, Johor | C13: =IF($A13="","",IFERROR(INDEX($K$6:$K$25,MATCH($B13,$J$6:$J$25,0)),"?")) -> Johor | D13: =IF($A13="","",MPA!$D10) -> MPA Most Restrictive | E13: =IF($A13="","",MPA!$E10) -> 79 km2 | F13: =IF($A13="","",IFERROR(VALUE(SUBSTITUTE(SUBSTITUTE(SUBSTITUTE($E13,"<",""),",","")," km2",""))*100,0)) -> 7900 | G13: =IF($A13="","",IFERROR(INDEX(CTRS_Control!$C$35:$C$40,MATCH($D13,CTRS_Control!$B$35:$B$40,0)),0)) -> 1 | H13: =IF($A13="","",$F13*$G13) -> 7900 | J13: Malaysia, Penang | K13: Pulau Pinang
A14: =IF(MPA!$B11="","",MPA!$B11) -> Pulau Babi Hujong Marine Park | B14: =IF($A14="","",MPA!$C11) -> Malaysia, Johor | C14: =IF($A14="","",IFERROR(INDEX($K$6:$K$25,MATCH($B14,$J$6:$J$25,0)),"?")) -> Johor | D14: =IF($A14="","",MPA!$D11) -> MPA Most Restrictive | E14: =IF($A14="","",MPA!$E11) -> 50 km2 | F14: =IF($A14="","",IFERROR(VALUE(SUBSTITUTE(SUBSTITUTE(SUBSTITUTE($E14,"<",""),",","")," km2",""))*100,0)) -> 5000 | G14: =IF($A14="","",IFERROR(INDEX(CTRS_Control!$C$35:$C$40,MATCH($D14,CTRS_Control!$B$35:$B$40,0)),0)) -> 1 | H14: =IF($A14="","",$F14*$G14) -> 5000 | J14: Malaysia, Sabah | K14: Sabah
A15: =IF(MPA!$B12="","",MPA!$B12) -> Pulau Babi Tengah Marine Park | B15: =IF($A15="","",MPA!$C12) -> Malaysia, Johor | C15: =IF($A15="","",IFERROR(INDEX($K$6:$K$25,MATCH($B15,$J$6:$J$25,0)),"?")) -> Johor | D15: =IF($A15="","",MPA!$D12) -> MPA Most Restrictive | E15: =IF($A15="","",MPA!$E12) -> 48 km2 | F15: =IF($A15="","",IFERROR(VALUE(SUBSTITUTE(SUBSTITUTE(SUBSTITUTE($E15,"<",""),",","")," km2",""))*100,0)) -> 4800 | G15: =IF($A15="","",IFERROR(INDEX(CTRS_Control!$C$35:$C$40,MATCH($D15,CTRS_Control!$B$35:$B$40,0)),0)) -> 1 | H15: =IF($A15="","",$F15*$G15) -> 4800 | J15: Malaysia, Sarawak | K15: Sarawak
A16: =IF(MPA!$B13="","",MPA!$B13) -> Pulau Rawa Marine Park | B16: =IF($A16="","",MPA!$C13) -> Malaysia, Johor | C16: =IF($A16="","",IFERROR(INDEX($K$6:$K$25,MATCH($B16,$J$6:$J$25,0)),"?")) -> Johor | D16: =IF($A16="","",MPA!$D13) -> MPA Most Restrictive | E16: =IF($A16="","",MPA!$E13) -> 48 km2 | F16: =IF($A16="","",IFERROR(VALUE(SUBSTITUTE(SUBSTITUTE(SUBSTITUTE($E16,"<",""),",","")," km2",""))*100,0)) -> 4800 | G16: =IF($A16="","",IFERROR(INDEX(CTRS_Control!$C$35:$C$40,MATCH($D16,CTRS_Control!$B$35:$B$40,0)),0)) -> 1 | H16: =IF($A16="","",$F16*$G16) -> 4800 | J16: Malaysia, Terengganu | K16: Terengganu
A17: =IF(MPA!$B14="","",MPA!$B14) -> Pulau Harimau Marine Park | B17: =IF($A17="","",MPA!$C14) -> Malaysia, Johor | C17: =IF($A17="","",IFERROR(INDEX($K$6:$K$25,MATCH($B17,$J$6:$J$25,0)),"?")) -> Johor | D17: =IF($A17="","",MPA!$D14) -> MPA Most Restrictive | E17: =IF($A17="","",MPA!$E14) -> 47 km2 | F17: =IF($A17="","",IFERROR(VALUE(SUBSTITUTE(SUBSTITUTE(SUBSTITUTE($E17,"<",""),",","")," km2",""))*100,0)) -> 4700 | G17: =IF($A17="","",IFERROR(INDEX(CTRS_Control!$C$35:$C$40,MATCH($D17,CTRS_Control!$B$35:$B$40,0)),0)) -> 1 | H17: =IF($A17="","",$F17*$G17) -> 4700 | J17: Malaysia, The Federal Territory of Labuan | K17: W.P. Labuan
... A21: =IF(MPA!$B18="","",MPA!$B18) -> Pulau Mentigi Marine Park | B21: =IF($A21="","",MPA!$C18) -> Malaysia, Johor | C21: =IF($A21="","",IFERROR(INDEX($K$6:$K$25,MATCH($B21,$J$6:$J$25,0)),"?")) -> Johor | D21: =IF($A21="","",MPA!$D18) -> MPA Most Restrictive | E21: =IF($A21="","",MPA!$E18) -> 33 km2 | F21: =IF($A21="","",IFERROR(VALUE(SUBSTITUTE(SUBSTITUTE(SUBSTITUTE($E21,"<",""),",","")," km2",""))*100,0)) -> 3300 | G21: =IF($A21="","",IFERROR(INDEX(CTRS_Control!$C$35:$C$40,MATCH($D21,CTRS_Control!$B$35:$B$40,0)),0)) -> 1 | H21: =IF($A21="","",$F21*$G21) -> 3300 | J21: Malaysia, Perlis | K21: Perlis
A22: =IF(MPA!$B19="","",MPA!$B19) -> Tanjong Piai National Park | B22: =IF($A22="","",MPA!$C19) -> Malaysia, Johor | C22: =IF($A22="","",IFERROR(INDEX($K$6:$K$25,MATCH($B22,$J$6:$J$25,0)),"?")) -> Johor | D22: =IF($A22="","",MPA!$D19) -> MPA Most Restrictive | E22: =IF($A22="","",MPA!$E19) -> 1 km2 | F22: =IF($A22="","",IFERROR(VALUE(SUBSTITUTE(SUBSTITUTE(SUBSTITUTE($E22,"<",""),",","")," km2",""))*100,0)) -> 100 | G22: =IF($A22="","",IFERROR(INDEX(CTRS_Control!$C$35:$C$40,MATCH($D22,CTRS_Control!$B$35:$B$40,0)),0)) -> 1 | H22: =IF($A22="","",$F22*$G22) -> 100
A23: =IF(MPA!$B20="","",MPA!$B20) -> Pulau Kukup National Park | B23: =IF($A23="","",MPA!$C20) -> Malaysia, Johor | C23: =IF($A23="","",IFERROR(INDEX($K$6:$K$25,MATCH($B23,$J$6:$J$25,0)),"?")) -> Johor | D23: =IF($A23="","",MPA!$D20) -> MPA Most Restrictive | E23: =IF($A23="","",MPA!$E20) -> 0.48 km2 | F23: =IF($A23="","",IFERROR(VALUE(SUBSTITUTE(SUBSTITUTE(SUBSTITUTE($E23,"<",""),",","")," km2",""))*100,0)) -> 48 | G23: =IF($A23="","",IFERROR(INDEX(CTRS_Control!$C$35:$C$40,MATCH($D23,CTRS_Control!$B$35:$B$40,0)),0)) -> 1 | H23: =IF($A23="","",$F23*$G23) -> 48
A24: =IF(MPA!$B21="","",MPA!$B21) -> Endau-Kota Tinggi | B24: =IF($A24="","",MPA!$C21) -> Malaysia, Johor | C24: =IF($A24="","",IFERROR(INDEX($K$6:$K$25,MATCH($B24,$J$6:$J$25,0)),"?")) -> Johor | D24: =IF($A24="","",MPA!$D21) -> MPA Least Restrictive | E24: =IF($A24="","",MPA!$E21) -> 0.08 km2 | F24: =IF($A24="","",IFERROR(VALUE(SUBSTITUTE(SUBSTITUTE(SUBSTITUTE($E24,"<",""),",","")," km2",""))*100,0)) -> 8 | G24: =IF($A24="","",IFERROR(INDEX(CTRS_Control!$C$35:$C$40,MATCH($D24,CTRS_Control!$B$35:$B$40,0)),0)) -> 0.5 | H24: =IF($A24="","",$F24*$G24) -> 4
A25: =IF(MPA!$B22="","",MPA!$B22) -> Four Islands Sanctuary | B25: =IF($A25="","",MPA!$C22) -> Malaysia, Johor | C25: =IF($A25="","",IFERROR(INDEX($K$6:$K$25,MATCH($B25,$J$6:$J$25,0)),"?")) -> Johor | D25: =IF($A25="","",MPA!$D22) -> MPA Least Restrictive | E25: =IF($A25="","",MPA!$E22) -> 0.03 km2 | F25: =IF($A25="","",IFERROR(VALUE(SUBSTITUTE(SUBSTITUTE(SUBSTITUTE($E25,"<",""),",","")," km2",""))*100,0)) -> 3 | G25: =IF($A25="","",IFERROR(INDEX(CTRS_Control!$C$35:$C$40,MATCH($D25,CTRS_Control!$B$35:$B$40,0)),0)) -> 0.5 | H25: =IF($A25="","",$F25*$G25) -> 1.5
A26: =IF(MPA!$B23="","",MPA!$B23) -> Pulau Payar Marine Park | B26: =IF($A26="","",MPA!$C23) -> Malaysia, Kedah | C26: =IF($A26="","",IFERROR(INDEX($K$6:$K$25,MATCH($B26,$J$6:$J$25,0)),"?")) -> Kedah | D26: =IF($A26="","",MPA!$D23) -> MPA Most Restrictive | E26: =IF($A26="","",MPA!$E23) -> 55 km2 | F26: =IF($A26="","",IFERROR(VALUE(SUBSTITUTE(SUBSTITUTE(SUBSTITUTE($E26,"<",""),",","")," km2",""))*100,0)) -> 5500 | G26: =IF($A26="","",IFERROR(INDEX(CTRS_Control!$C$35:$C$40,MATCH($D26,CTRS_Control!$B$35:$B$40,0)),0)) -> 1 | H26: =IF($A26="","",$F26*$G26) -> 5500
A27: =IF(MPA!$B24="","",MPA!$B24) -> Pulau Lembu Marine Park | B27: =IF($A27="","",MPA!$C24) -> Malaysia, Kedah | C27: =IF($A27="","",IFERROR(INDEX($K$6:$K$25,MATCH($B27,$J$6:$J$25,0)),"?")) -> Kedah | D27: =IF($A27="","",MPA!$D24) -> MPA Most Restrictive | E27: =IF($A27="","",MPA!$E24) -> 45 km2 | F27: =IF($A27="","",IFERROR(VALUE(SUBSTITUTE(SUBSTITUTE(SUBSTITUTE($E27,"<",""),",","")," km2",""))*100,0)) -> 4500 | G27: =IF($A27="","",IFERROR(INDEX(CTRS_Control!$C$35:$C$40,MATCH($D27,CTRS_Control!$B$35:$B$40,0)),0)) -> 1 | H27: =IF($A27="","",$F27*$G27) -> 4500
A28: =IF(MPA!$B25="","",MPA!$B25) -> Pulau Kacha Marine Park | B28: =IF($A28="","",MPA!$C25) -> Malaysia, Kedah | C28: =IF($A28="","",IFERROR(INDEX($K$6:$K$25,MATCH($B28,$J$6:$J$25,0)),"?")) -> Kedah | D28: =IF($A28="","",MPA!$D25) -> MPA Most Restrictive | E28: =IF($A28="","",MPA!$E25) -> 44 km2 | F28: =IF($A28="","",IFERROR(VALUE(SUBSTITUTE(SUBSTITUTE(SUBSTITUTE($E28,"<",""),",","")," km2",""))*100,0)) -> 4400 | G28: =IF($A28="","",IFERROR(INDEX(CTRS_Control!$C$35:$C$40,MATCH($D28,CTRS_Control!$B$35:$B$40,0)),0)) -> 1 | H28: =IF($A28="","",$F28*$G28) -> 4400
A29: =IF(MPA!$B26="","",MPA!$B26) -> Pulau Segantang Marine Park | B29: =IF($A29="","",MPA!$C26) -> Malaysia, Kedah | C29: =IF($A29="","",IFERROR(INDEX($K$6:$K$25,MATCH($B29,$J$6:$J$25,0)),"?")) -> Kedah | D29: =IF($A29="","",MPA!$D26) -> MPA Most Restrictive | E29: =IF($A29="","",MPA!$E26) -> 43 km2 | F29: =IF($A29="","",IFERROR(VALUE(SUBSTITUTE(SUBSTITUTE(SUBSTITUTE($E29,"<",""),",","")," km2",""))*100,0)) -> 4300 | G29: =IF($A29="","",IFERROR(INDEX(CTRS_Control!$C$35:$C$40,MATCH($D29,CTRS_Control!$B$35:$B$40,0)),0)) -> 1 | H29: =IF($A29="","",$F29*$G29) -> 4300
A30: =IF(MPA!$B27="","",MPA!$B27) -> Pulau Singa Besar Sea Cucumber Protection Area | B30: =IF($A30="","",MPA!$C27) -> Malaysia, Kedah | C30: =IF($A30="","",IFERROR(INDEX($K$6:$K$25,MATCH($B30,$J$6:$J$25,0)),"?")) -> Kedah | D30: =IF($A30="","",MPA!$D27) -> Non-MPA Fisheries Management Area | E30: =IF($A30="","",MPA!$E27) -> 0.38 km2 | F30: =IF($A30="","",IFERROR(VALUE(SUBSTITUTE(SUBSTITUTE(SUBSTITUTE($E30,"<",""),",","")," km2",""))*100,0)) -> 38 | G30: =IF($A30="","",IFERROR(INDEX(CTRS_Control!$C$35:$C$40,MATCH($D30,CTRS_Control!$B$35:$B$40,0)),0)) -> 0 | H30: =IF($A30="","",$F30*$G30) -> 0
A31: =IF(MPA!$B28="","",MPA!$B28) -> Pulau Besar Fisheries Prohibited Areas | B31: =IF($A31="","",MPA!$C28) -> Malaysia, Malacca | C31: =IF($A31="","",IFERROR(INDEX($K$6:$K$25,MATCH($B31,$J$6:$J$25,0)),"?")) -> Melaka | D31: =IF($A31="","",MPA!$D28) -> MPA Less Restrictive | E31: =IF($A31="","",MPA!$E28) -> 20 km2 | F31: =IF($A31="","",IFERROR(VALUE(SUBSTITUTE(SUBSTITUTE(SUBSTITUTE($E31,"<",""),",","")," km2",""))*100,0)) -> 2000 | G31: =IF($A31="","",IFERROR(INDEX(CTRS_Control!$C$35:$C$40,MATCH($D31,CTRS_Control!$B$35:$B$40,0)),0)) -> 0.66666667 | H31: =IF($A31="","",$F31*$G31) -> 1333.3333
A32: =IF(MPA!$B29="","",MPA!$B29) -> Tanjung Tuan Fisheries Prohibited Areas | B32: =IF($A32="","",MPA!$C29) -> Malaysia, Malacca | C32: =IF($A32="","",IFERROR(INDEX($K$6:$K$25,MATCH($B32,$J$6:$J$25,0)),"?")) -> Melaka | D32: =IF($A32="","",MPA!$D29) -> MPA Less Restrictive | E32: =IF($A32="","",MPA!$E29) -> 3 km2 | F32: =IF($A32="","",IFERROR(VALUE(SUBSTITUTE(SUBSTITUTE(SUBSTITUTE($E32,"<",""),",","")," km2",""))*100,0)) -> 300 | G32: =IF($A32="","",IFERROR(INDEX(CTRS_Control!$C$35:$C$40,MATCH($D32,CTRS_Control!$B$35:$B$40,0)),0)) -> 0.66666667 | H32: =IF($A32="","",$F32*$G32) -> 200
A33: =IF(MPA!$B30="","",MPA!$B30) -> Nine Islands | B33: =IF($A33="","",MPA!$C30) -> Malaysia, Malacca | C33: =IF($A33="","",IFERROR(INDEX($K$6:$K$25,MATCH($B33,$J$6:$J$25,0)),"?")) -> Melaka | D33: =IF($A33="","",MPA!$D30) -> MPA Least Restrictive | E33: =IF($A33="","",MPA!$E30) -> 0.16 km2 | F33: =IF($A33="","",IFERROR(VALUE(SUBSTITUTE(SUBSTITUTE(SUBSTITUTE($E33,"<",""),",","")," km2",""))*100,0)) -> 16 | G33: =IF($A33="","",IFERROR(INDEX(CTRS_Control!$C$35:$C$40,MATCH($D33,CTRS_Control!$B$35:$B$40,0)),0)) -> 0.5 | H33: =IF($A33="","",$F33*$G33) -> 8
... A123: =IF(MPA!$B120="","",MPA!$B120) | B123: =IF($A123="","",MPA!$C120) | C123: =IF($A123="","",IFERROR(INDEX($K$6:$K$25,MATCH($B123,$J$6:$J$25,0)),"?")) | D123: =IF($A123="","",MPA!$D120) | E123: =IF($A123="","",MPA!$E120) | F123: =IF($A123="","",IFERROR(VALUE(SUBSTITUTE(SUBSTITUTE(SUBSTITUTE($E123,"<",""),",","")," km2",""))*100,0)) | G123: =IF($A123="","",IFERROR(INDEX(CTRS_Control!$C$35:$C$40,MATCH($D123,CTRS_Control!$B$35:$B$40,0)),0)) | H123: =IF($A123="","",$F123*$G123)

Sheet CTRS_IMCA
A1: MyIMCA marine area by site, shared sites split equally between their states
A2: Reads sheet MyIMCA (rows 3–60). Sites whose area is text (e.g. "[verify]") count as 0 and are flagged.
A5: Site | B5: State field | C5: Area (ha, numeric) | D5: No. of states | E5: Area per state (ha) | F5: Flag
A6: =IF(OR(MyIMCA!$B3="",MyIMCA!$A3="total"),"",MyIMCA!$A3) -> 7. Sungai Muar | B6: =IF($A6="","",MyIMCA!$B3) -> Johor | C6: =IF($A6="","",IF(ISNUMBER(MyIMCA!$C3),MyIMCA!$C3,0)) -> 731.6 | D6: =IF($A6="",0,LEN($B6)-LEN(SUBSTITUTE($B6,"/",""))+1) -> 1 | E6: =IF($A6="",0,$C6/$D6) -> 731.6 | F6: =IF($A6="","",IF(ISNUMBER(MyIMCA!$C3),"","area missing → counted as 0"))
A7: =IF(OR(MyIMCA!$B4="",MyIMCA!$A4="total"),"",MyIMCA!$A4) -> 8. Southwest Johor | B7: =IF($A7="","",MyIMCA!$B4) -> Johor | C7: =IF($A7="","",IF(ISNUMBER(MyIMCA!$C4),MyIMCA!$C4,0)) -> 88845 | D7: =IF($A7="",0,LEN($B7)-LEN(SUBSTITUTE($B7,"/",""))+1) -> 1 | E7: =IF($A7="",0,$C7/$D7) -> 88845 | F7: =IF($A7="","",IF(ISNUMBER(MyIMCA!$C4),"","area missing → counted as 0"))
A8: =IF(OR(MyIMCA!$B5="",MyIMCA!$A5="total"),"",MyIMCA!$A5) -> 9. Kepulauan Mersing | B8: =IF($A8="","",MyIMCA!$B5) -> Johor/Pahang | C8: =IF($A8="","",IF(ISNUMBER(MyIMCA!$C5),MyIMCA!$C5,0)) -> 748986.8 | D8: =IF($A8="",0,LEN($B8)-LEN(SUBSTITUTE($B8,"/",""))+1) -> 2 | E8: =IF($A8="",0,$C8/$D8) -> 374493.4 | F8: =IF($A8="","",IF(ISNUMBER(MyIMCA!$C5),"","area missing → counted as 0"))
A9: =IF(OR(MyIMCA!$B6="",MyIMCA!$A6="total"),"",MyIMCA!$A6) -> 1. Langkawi-Payar | B9: =IF($A9="","",MyIMCA!$B6) -> Kedah | C9: =IF($A9="","",IF(ISNUMBER(MyIMCA!$C6),MyIMCA!$C6,0)) -> 632234 | D9: =IF($A9="",0,LEN($B9)-LEN(SUBSTITUTE($B9,"/",""))+1) -> 1 | E9: =IF($A9="",0,$C9/$D9) -> 632234 | F9: =IF($A9="","",IF(ISNUMBER(MyIMCA!$C6),"","area missing → counted as 0"))
A10: =IF(OR(MyIMCA!$B7="",MyIMCA!$A7="total"),"",MyIMCA!$A7) -> 2. Merbok | B10: =IF($A10="","",MyIMCA!$B7) -> Kedah | C10: =IF($A10="","",IF(ISNUMBER(MyIMCA!$C7),MyIMCA!$C7,0)) -> 6589 | D10: =IF($A10="",0,LEN($B10)-LEN(SUBSTITUTE($B10,"/",""))+1) -> 1 | E10: =IF($A10="",0,$C10/$D10) -> 6589 | F10: =IF($A10="","",IF(ISNUMBER(MyIMCA!$C7),"","area missing → counted as 0"))
A11: =IF(OR(MyIMCA!$B8="",MyIMCA!$A8="total"),"",MyIMCA!$A8) -> 1. Pulau Perak | B11: =IF($A11="","",MyIMCA!$B8) -> Kedah/Perak | C11: =IF($A11="","",IF(ISNUMBER(MyIMCA!$C8),MyIMCA!$C8,0)) -> 589.6 | D11: =IF($A11="",0,LEN($B11)-LEN(SUBSTITUTE($B11,"/",""))+1) -> 2 | E11: =IF($A11="",0,$C11/$D11) -> 294.8 | F11: =IF($A11="","",IF(ISNUMBER(MyIMCA!$C8),"","area missing → counted as 0"))
A12: =IF(OR(MyIMCA!$B9="",MyIMCA!$A9="total"),"",MyIMCA!$A9) -> 6. Tanjung Tuan-Kuala Linggi | B12: =IF($A12="","",MyIMCA!$B9) -> Negeri Sembilan/Melaka | C12: =IF($A12="","",IF(ISNUMBER(MyIMCA!$C9),MyIMCA!$C9,0)) -> 4650.8 | D12: =IF($A12="",0,LEN($B12)-LEN(SUBSTITUTE($B12,"/",""))+1) -> 2 | E12: =IF($A12="",0,$C12/$D12) -> 2325.4 | F12: =IF($A12="","",IF(ISNUMBER(MyIMCA!$C9),"","area missing → counted as 0"))
A13: =IF(OR(MyIMCA!$B10="",MyIMCA!$A10="total"),"",MyIMCA!$A10) -> 10. Kuantan-Pekan | B13: =IF($A13="","",MyIMCA!$B10) -> Pahang | C13: =IF($A13="","",IF(ISNUMBER(MyIMCA!$C10),MyIMCA!$C10,0)) -> 752897.7 | D13: =IF($A13="",0,LEN($B13)-LEN(SUBSTITUTE($B13,"/",""))+1) -> 1 | E13: =IF($A13="",0,$C13/$D13) -> 752897.7 | F13: =IF($A13="","",IF(ISNUMBER(MyIMCA!$C10),"","area missing → counted as 0"))
A14: =IF(OR(MyIMCA!$B11="",MyIMCA!$A11="total"),"",MyIMCA!$A11) -> 3. Matang | B14: =IF($A14="","",MyIMCA!$B11) -> Perak | C14: =IF($A14="","",IF(ISNUMBER(MyIMCA!$C11),MyIMCA!$C11,0)) -> 336137 | D14: =IF($A14="",0,LEN($B14)-LEN(SUBSTITUTE($B14,"/",""))+1) -> 1 | E14: =IF($A14="",0,$C14/$D14) -> 336137 | F14: =IF($A14="","",IF(ISNUMBER(MyIMCA!$C11),"","area missing → counted as 0"))
A15: =IF(OR(MyIMCA!$B12="",MyIMCA!$A12="total"),"",MyIMCA!$A12) -> 4. Pulau Jarak-Segari | B15: =IF($A15="","",MyIMCA!$B12) -> Perak | C15: =IF($A15="","",IF(ISNUMBER(MyIMCA!$C12),MyIMCA!$C12,0)) -> 362199.6 | D15: =IF($A15="",0,LEN($B15)-LEN(SUBSTITUTE($B15,"/",""))+1) -> 1 | E15: =IF($A15="",0,$C15/$D15) -> 362199.6 | F15: =IF($A15="","",IF(ISNUMBER(MyIMCA!$C12),"","area missing → counted as 0"))
A16: =IF(OR(MyIMCA!$B13="",MyIMCA!$A13="total"),"",MyIMCA!$A13) -> 16. Layang-Layang | B16: =IF($A16="","",MyIMCA!$B13) -> Sabah | C16: =IF($A16="","",IF(ISNUMBER(MyIMCA!$C13),MyIMCA!$C13,0)) -> 4220974.1 | D16: =IF($A16="",0,LEN($B16)-LEN(SUBSTITUTE($B16,"/",""))+1) -> 1 | E16: =IF($A16="",0,$C16/$D16) -> 4220974.1 | F16: =IF($A16="","",IF(ISNUMBER(MyIMCA!$C13),"","area missing → counted as 0"))
A17: =IF(OR(MyIMCA!$B14="",MyIMCA!$A14="total"),"",MyIMCA!$A14) -> 18. Pulau Tiga | B17: =IF($A17="","",MyIMCA!$B14) -> Sabah | C17: =IF($A17="","",IF(ISNUMBER(MyIMCA!$C14),MyIMCA!$C14,0)) -> 15730.7 | D17: =IF($A17="",0,LEN($B17)-LEN(SUBSTITUTE($B17,"/",""))+1) -> 1 | E17: =IF($A17="",0,$C17/$D17) -> 15730.7 | F17: =IF($A17="","",IF(ISNUMBER(MyIMCA!$C14),"","area missing → counted as 0"))
... A63: =IF(OR(MyIMCA!$B60="",MyIMCA!$A60="total"),"",MyIMCA!$A60) | B63: =IF($A63="","",MyIMCA!$B60) | C63: =IF($A63="","",IF(ISNUMBER(MyIMCA!$C60),MyIMCA!$C60,0)) | D63: =IF($A63="",0,LEN($B63)-LEN(SUBSTITUTE($B63,"/",""))+1) -> 0 | E63: =IF($A63="",0,$C63/$D63) -> 0 | F63: =IF($A63="","",IF(ISNUMBER(MyIMCA!$C60),"","area missing → counted as 0"))

Sheet hotel_location_2025
A1: State | B1: Location | C1: Hotels | D1: Rooms
A2: Johor | B2: Bandar/ pekan/ City/ town | C2: 379 | D2: 26987
A3: Johor | B3: Pantai/ Beach | C3: 67 | D3: 4476
A4: Johor | B4: Gunung/ Hill | C4: 3 | D4: 179
A5: Johor | B5: Lain-lain/ Others | C5: 26 | D5: 2126
A6: Johor | B6: Jumlah/ Total | C6: 496 | D6: 33768
A7: Kedah | B7: Bandar/ pekan/ City/ town | C7: 92 | D7: 7452
A8: Kedah | B8: Pantai/ Beach | C8: 71 | D8: 5256
A9: Kedah | B9: Gunung/ Hill | C9: 6 | D9: 294
A10: Kedah | B10: Lain-lain/ Others | C10: 10 | D10: 537
A11: Kedah | B11: Jumlah/ Total | C11: 179 | D11: 13539
A12: Melaka | B12: Bandar/ pekan/ City/ town | C12: 145 | D12: 15031
A13: Melaka | B13: Pantai/ Beach | C13: 23 | D13: 3616
... A81: Kelantan | B81: Jumlah/ Total | C81: 91 | D81: 4360

Sheet total_number_of_tourist
A1: Jadual 10 / Table 10: Number of domestic tourists by state of origin and state visited, 2011-2025
A2: Unit: '000
A3: Source: Domestic Tourism Survey (DTS), Department of Statistics Malaysia - Jadual 10 of each annual report (DTS_2011.xlsx - DTS_2025.xlsx)
A5: State Origin | B5: State Visited | C5: 2011 | D5: 2012 | E5: 2013 | F5: 2014 | G5: 2015 | H5: 2016 | I5: 2017 | J5: 2018 | K5: 2019 | L5: 2020 | M5: 2021 | N5: 2022 | O5: 2023 | P5: 2024 | Q5: 2025
A6: Malaysia | B6: Malaysia | C6: 45730.9 | D6: 49383.4 | E6: 54406.4 | F6: 60735.9 | G6: 62730.3 | H6: 66021.529 | I6: 70523.131 | J6: 78239.123 | K6: 84715.698 | L6: 46258.716 | M6: 14882.829 | N6: 65055.975 | O6: 79559.424 | P6: 93445.323 | Q6: 106525.31
A7: Malaysia | B7: Johor | C7: 4320.7 | D7: 4923 | E7: 5962.4 | F7: 6501.4 | G7: 6019.4 | H7: 7406.2482 | I7: 7545.1551 | J7: 7782.424 | K7: 8070.5738 | L7: 3988.608 | M7: 1771.378 | N7: 6253.816 | O7: 8922.996 | P7: 9481.062 | Q7: 9821.9
A8: Malaysia | B8: Kedah | C8: 5125.3 | D8: 3902.3 | E8: 4476.6 | F8: 5412.4 | G8: 4942.2 | H8: 4864.1061 | I8: 4929.5882 | J8: 5448.9539 | K8: 6546.383 | L8: 3486.945 | M8: 1036.755 | N8: 5594.602 | O8: 6452.428 | P8: 6854.418 | Q8: 7124.845
A9: Malaysia | B9: Kelantan | C9: 2392.1 | D9: 3280.3 | E9: 3796.8 | F9: 4296.4 | G9: 3442.2 | H9: 4102.1499 | I9: 4981.9573 | J9: 4726.2662 | K9: 6486.5092 | L9: 3318.274 | M9: 841.759 | N9: 3544.766 | O9: 4085.791 | P9: 5863.78 | Q9: 6512.13
A10: Malaysia | B10: Melaka | C10: 2774.5 | D10: 3054.9 | E10: 3345.1 | F10: 4272.7 | G10: 3944.7 | H10: 3933.5946 | I10: 3941.6486 | J10: 5203.7529 | K10: 4649.6521 | L10: 2859.487 | M10: 995.22 | N10: 4559.324 | O10: 4991.13 | P10: 6158.368 | Q10: 7178.6905
A11: Malaysia | B11: Negeri Sembilan | C11: 3745 | D11: 3506.2 | E11: 3542.2 | F11: 4198.2 | G11: 6097.6 | H11: 5343.6914 | I11: 5344.1598 | J11: 6075.3853 | K11: 5965.5298 | L11: 2848.21 | M11: 1209.289 | N11: 3760.82 | O11: 4255.452 | P11: 5987.543 | Q11: 6547.023
A12: Malaysia | B12: Pahang | C12: 3407.5 | D12: 4356 | E12: 4725.3 | F12: 5850 | G12: 6872.7 | H12: 6916.4587 | I12: 7703.2426 | J12: 9154.183 | K12: 9494.2373 | L12: 5214.542 | M12: 1273.786 | N12: 7794.113 | O12: 8537.106 | P12: 9525.838 | Q12: 11045.98
A13: Malaysia | B13: Pulau Pinang | C13: 3553.6 | D13: 2312 | E13: 2025.8 | F13: 2684.9 | G13: 2164.2 | H13: 2968.4473 | I13: 3117.2608 | J13: 4002.9142 | K13: 3904.5576 | L13: 2749.556 | M13: 712.74 | N13: 3484.229 | O13: 4069.699 | P13: 4766.021 | Q13: 5629.544
A14: Malaysia | B14: Perak | C14: 4065.1 | D14: 5674.4 | E14: 6010.8 | F14: 7023.3 | G14: 7963.4 | H14: 7202.413 | I14: 7639.7976 | J14: 7563.9453 | K14: 10122.746 | L14: 4890.647 | M14: 1356.453 | N14: 6866.52 | O14: 7503.392 | P14: 10208.952 | Q14: 10413.82
A15: Malaysia | B15: Perlis | C15: 1077.5 | D15: 433 | E15: 460.1 | F15: 437.8 | G15: 645.9 | H15: 791.66326 | I15: 764.52297 | J15: 917.8729 | K15: 625.95992 | L15: 410.886 | M15: 129.244 | N15: 710.991 | O15: 735.99 | P15: 1262.039 | Q15: 1474.936
A16: Malaysia | B16: Selangor | C16: 3529.7 | D16: 4556.3 | E16: 5563 | F16: 4879.7 | G16: 5408.3 | H16: 5520.5167 | I16: 6814.069 | J16: 6770.4738 | K16: 9149.4205 | L16: 4693.174 | M16: 1207.366 | N16: 6388.784 | O16: 8455.683 | P16: 9574.385 | Q16: 10595.556
A17: Malaysia | B17: Terengganu | C17: 2659.3 | D17: 2724.8 | E17: 3408.7 | F17: 2890.7 | G17: 3236.5 | H17: 4238.3838 | I17: 4483.8325 | J17: 4862.9398 | K17: 4860.4728 | L17: 2670.052 | M17: 1140.032 | N17: 3689.343 | O17: 4060.009 | P17: 4918.404 | Q17: 5239.642
... A294: W.P. Putrajaya | B294: W.P. Putrajaya | C294: 0 | D294: 0 | E294: 0 | F294: 0 | G294: 0 | H294: 0 | I294: 0.82106111 | J294: 2.100498 | K294: 1.9720377 | L294: 2.794 | M294: 1.032 | N294: 0.067 | O294: 35.808 | P294: 14.351 | Q294: 2.791

Sheet MPA
A1: Level of Fishing Protection - Marine Protected Area (MPA) | C1: https://map.navigatormap.org/countries/Malaysia%20(Peninsula%20East)
A2: No | B2: NAME | C2: LOCATION | D2: TYPE | E2: SIZE | F2: size_ha
A3: 69 | B3: Malaysia EEZ | C3: Malaysia | D3: Non-MPA Jurisdictional Authority Area | E3: 510,804 km2 | F3: 51080400
A4: 70 | B4: Malaysia Territorial Sea | C4: Malaysia | D4: Non-MPA Jurisdictional Authority Area | E4: 120,242 km2 | F4: 12024200
A5: 71 | B5: Penang National Park | C5: Malaysia, Penang | D5: MPA Least Restrictive | E5: 12 km2 | F5: 1200
A6: 7 | B6: Pulau Aur Marine Park | C6: Malaysia, Johor | D6: MPA Most Restrictive | E6: 100 km2 | F6: 10000
A7: 8 | B7: Pulau Tinggi Marine Park | C7: Malaysia, Johor | D7: MPA Most Restrictive | E7: 100 km2 | F7: 10000
A8: 9 | B8: Pulau Pemanggil Marine Park | C8: Malaysia, Johor | D8: MPA Most Restrictive | E8: 95 km2 | F8: 9500
A9: 11 | B9: Pulau Sibu Marine Park | C9: Malaysia, Johor | D9: MPA Most Restrictive | E9: 90 km2 | F9: 9000
A10: 14 | B10: Pulau Babi Besar Marine Park | C10: Malaysia, Johor | D10: MPA Most Restrictive | E10: 79 km2 | F10: 7900
A11: 20 | B11: Pulau Babi Hujong Marine Park | C11: Malaysia, Johor | D11: MPA Most Restrictive | E11: 50 km2 | F11: 5000
A12: 22 | B12: Pulau Babi Tengah Marine Park | C12: Malaysia, Johor | D12: MPA Most Restrictive | E12: 48 km2 | F12: 4800
A13: 24 | B13: Pulau Rawa Marine Park | C13: Malaysia, Johor | D13: MPA Most Restrictive | E13: 48 km2 | F13: 4800
A14: 26 | B14: Pulau Harimau Marine Park | C14: Malaysia, Johor | D14: MPA Most Restrictive | E14: 47 km2 | F14: 4700
... A77: 46 | B77: Tiga Ruang Turtle Sanctuary | C77: Malaysia, Terengganu | D77: MPA Most Restrictive | E77: 0.01 km2 | F77: 1
A78: 47 | B78: Pasir Chagar Hutang Turtle Sanctuary | C78: Malaysia, Terengganu | D78: MPA Most Restrictive | E78: <0.01 km2 | F78: <1
A79: 48 | B79: Pasir Mak Kepit, Pasir Bujang & Pasir Mak Simpan Turtle Sanctuary | C79: Malaysia, Terengganu | D79: MPA Most Restrictive | E79: <0.01 km2 | F79: <1
A80: 49 | B80: Pinang Seribu Turtle Sanctuary | C80: Malaysia, Terengganu | D80: MPA Most Restrictive | E80: <0.01 km2 | F80: <1
A81: 77 | B81: Bukit Bauk | C81: Malaysia, Terengganu | D81: MPA Least Restrictive | E81: 0.06 km2 | F81: 6
A82: 36 | B82: Pulau Kuraman Marine Park | C82: Malaysia, The Federal Territory of Labuan | D82: MPA Most Restrictive | E82: 21 km2 | F82: 2100
A83: 38 | B83: Pulau Rusukan Besar Marine Park | C83: Malaysia, The Federal Territory of Labuan | D83: MPA Most Restrictive | E83: 12 km2 | F83: 1200
A84: 39 | B84: Pulau Rusukan Kecil Marine Park | C84: Malaysia, The Federal Territory of Labuan | D84: MPA Most Restrictive | E84: 12 km2 | F84: 1200

Sheet MyIMCA
A1: Malaysia's Important Marine and Coastal Area (MyIMCA) | D1: https://storymaps.arcgis.com/stories/e74a4cd06a674fafbe4158a1b324e24d
A2: Site | B2: State / territory | C2: MyIMCA marine area (ha) | D2: https://www.researchgate.net/publication/386100641_MyIMCA_Malaysia's_Important_Marine_and_Coastal_Areas
A3: 7. Sungai Muar | B3: Johor | C3: 731.6
A4: 8. Southwest Johor | B4: Johor | C4: 88845
A5: 9. Kepulauan Mersing | B5: Johor/Pahang | C5: 748986.8
A6: 1. Langkawi-Payar | B6: Kedah | C6: 632234
A7: 2. Merbok | B7: Kedah | C7: 6589
A8: 1. Pulau Perak | B8: Kedah/Perak | C8: 589.6
A9: 6. Tanjung Tuan-Kuala Linggi | B9: Negeri Sembilan/Melaka | C9: 4650.8
A10: 10. Kuantan-Pekan | B10: Pahang | C10: 752897.7
A11: 3. Matang | B11: Perak | C11: 336137
A12: 4. Pulau Jarak-Segari | B12: Perak | C12: 362199.6
A13: 16. Layang-Layang | B13: Sabah | C13: 4220974.1
A14: 18. Pulau Tiga | B14: Sabah | C14: 15730.7
... A31: 11. Tenggol | B31: Terengganu | C31: 15903.4
A32: total | C32: 12868919

Sheet MMWQI
A1: NEGERI/ STATE | B1: KLASIFIKASI STESEN/ STATION CLASSIFICATION | C1: KAWASAN/ AREA | D1: NOMBOR STESEN/ STATION NUMBER | E1: 2021 | F1: 2022 | G1: 2023 | H1: 2024 | I1: 2025 | J1: KATEGORI (2025)
A2: Kedah | B2: Pantai/Coastal | C2: Pantai Merdeka | D2: MMKC001 | E2: 85 | F2: 88 | G2: 91 | H2: 92 | I2: 88 | J2: Baik/Good
A3: Kedah | B3: Pantai/Coastal | C3: Langkawi Island Resort | D3: MMKC002 | E3: 94 | F3: 94 | G3: 96 | H3: 95 | I3: 96 | J3: Terbaik/Excellent
A4: Kedah | B4: Pantai/Coastal | C4: Pantai Kok | D4: MMKC003 | E4: 90 | F4: 83 | G4: 95 | H4: 96 | I4: 96 | J4: Terbaik/Excellent
A5: Kedah | B5: Pantai/Coastal | C5: Pantai Kuah | D5: MMKC004 | E5: 88 | F5: 90 | G5: 91 | H5: 95 | I5: 91 | J5: Terbaik/Excellent
A6: Kedah | B6: Pantai/Coastal | C6: Pantai Pasir Tengkorak | D6: MMKC005 | E6: 96 | F6: 93 | G6: 93 | H6: 95 | I6: 95 | J6: Terbaik/Excellent
A7: Kedah | B7: Pantai/Coastal | C7: Pantai Teluk Burau | D7: MMKC006 | E7: 94 | F7: 86 | G7: 96 | H7: 94 | I7: 96 | J7: Terbaik/Excellent
A8: Kedah | B8: Pantai/Coastal | C8: Pantai Teluk Nibong | D8: MMKC007 | E8: 86 | F8: 92 | G8: 95 | H8: 96 | I8: 96 | J8: Terbaik/Excellent
A9: Kedah | B9: Pantai/Coastal | C9: Pantai Tengah | D9: MMKC008 | E9: 92 | F9: 92 | G9: 94 | H9: 96 | I9: 95 | J9: Terbaik/Excellent
A10: Kedah | B10: Pantai/Coastal | C10: Pantai Beras Basah | D10: MMKC009 | E10: 92 | F10: 96 | G10: 96 | H10: 96 | I10: 95 | J10: Terbaik/Excellent
A11: P. Pinang | B11: Pantai/Coastal | C11: Gertak Sanggul | D11: MMPC001 | E11: 81 | F11: 83 | G11: 94 | H11: 91 | I11: 88 | J11: Baik/Good
A12: P. Pinang | B12: Pantai/Coastal | C12: Kawasan Perindustrian Bayan Lepas 1 | D12: MMPC002 | E12: 72 | F12: 60 | G12: 79 | H12: 67 | I12: 84 | J12: Baik/Good
... A189: W.P. Labuan | B189: Pantai/Coastal | C189: Tanjung Aru | D189: MMLC005 | E189: 59 | F189: 60 | G189: 59 | H189: 65 | I189: 71 | J189: Sederhana/Moderate

Sheet LCC
A1: Ecoregion | B1: State | C1: Islands/Areas | D1: No. of sites | E1: Protection Status | F1: LCC (%)
A2: Sunda Shelf | B2: Pahang | C2: Tioman | D2: 18 | E2: Marine Park | F2: 53.34
A3: Sunda Shelf | B3: Terengganu | C3: Bidong & Yu | D3: 6 | E3: Marine Park (Yu only) | F3: 63.54
A4: Sunda Shelf | B4: Terengganu | C4: Kapas | D4: 5 | E4: Marine Park | F4: 47.63
A5: Sunda Shelf | B5: Terengganu | C5: Lang Tengah | D5: 4 | E5: Marine Park | F5: 46.09
A6: Sunda Shelf | B6: Terengganu | C6: Perhentian | D6: 12 | E6: Marine Park | F6: 41.31
A7: Sunda Shelf | B7: Terengganu | C7: Redang | D7: 12 | E7: Marine Park | F7: 48.28
A8: Sunda Shelf | B8: Terengganu | C8: Rhu 10 | D8: 1 | E8: No protection | F8: 43.44
A9: Sunda Shelf | B9: Terengganu | C9: Tenggol | D9: 6 | E9: Marine Park | F9: 51.46
A10: Sunda Shelf | B10: Johor | C10: Aur & Dayang | D10: 6 | E10: Marine Park | F10: 39.17
A11: Sunda Shelf | B11: Johor | C11: Besar | D11: 7 | E11: Marine Park | F11: 48.39
A12: Sunda Shelf | B12: Johor | C12: Gual | D12: 9 | E12: Marine Park | F12: 56.94
A13: Sunda Shelf | B13: Johor | C13: Harimau | D13: 7 | E13: Marine Park | F13: 52.59
... A44: North Borneo | B44: Sabah | C44: Usukan Cove | D44: 6 | E44: No protection | F44: 29.9

Sheet Notes_Limitations
A1: Methodology assumptions & limitations — for thesis write-up
A2: Auto-generated checklist from a review of the CTRS/TSRI model (formulas + methodology). Nothing on the other sheets was changed. Copy/adapt this into the paper's Methodology / Limitations section.
A4: # | B4: Assumption / control-panel setting | C4: Why it matters | D4: Current default in this workbook | E4: Suggested reporting in the paper
A5: 1 | B5: LCC missing → treatment (CTRS_Control!C19, LCC_MISSING) | C5: Missing LCC survey data is not the same as 0% live coral cover. Under the ZERO setting a state with no survey is scored as maximum coral stress, which can push it up in the ranking for the wrong reason (affects Kelantan, Pulau Pinang, Selangor, W.P. Labuan with current data). | D5: ZERO (LCC=0% -> max stress). Column AH in CTRS_Calc already flags which states this applies to; CTRS_Summary column I already prints a "no LCC data" note next to affected states. | E5: State explicitly that LCC-missing states were scored as maximum coral stress (a conservative/precautionary choice), name the affected states, and report the ranking under at least one alternative (NO_STRESS or EXCLUDE) as a robustness check — see the R Markdown sensitivity section.
A6: 2 | B6: MPA area overlap (Z numerator, MPA sheet) | C6: Where protected-area polygons overlap (e.g. within Miri-Sibuti Coral Reefs NP), summing listed areas can double-count marine area and inflate the protection score Z for that state. | D6: Areas are summed as listed in the MPA sheet; the sheet itself already carries a note that overlap can cause double counting. | E6: Report Z as based on listed (not GIS-deduplicated) MPA areas; flag this as a limitation and note that a polygon union (GIS) would be needed for a stricter estimate.
A7: 3 | B7: MyIMCA missing area treated as 0 (Z denominator) | C7: If a state marine-area figure is missing from MyIMCA and is set to 0, the Z denominator (total marine area) is understated, which can overstate the protection ratio Z for that state. | D7: Missing MyIMCA area -> 0 in the denominator; the sheet already notes some denominators run slightly low. | E7: State this explicitly for any state affected and treat Z as a lower-bound-of-denominator estimate; consider EXCLUDE or MANUAL area entry as a sensitivity check.
A8: 4 | B8: Shared MyIMCA area split 50/50 across states (e.g. Johor/Pahang) | C8: A straight 50/50 split is a simplifying assumption, not an actual geographic allocation, so the true state-level split could differ substantially. | D8: 50/50 split for any MyIMCA row shared between two states. | E8: Describe as a simplifying assumption made in the absence of GIS boundary data; note it only affects states with shared MyIMCA entries.
A9: 5 | B9: X (tourism exposure) = beach-hotel share x domestic tourists | C9: Beach-hotel share of all hotels in a state is used as a proxy for the share of tourists exposed to the coast. The two are not guaranteed to be equal (e.g. 40% beach hotels does not necessarily mean 40% of tourists stay at the beach). | D9: X_METHOD = AUTO -> TOURISTS when tourist data is complete for every included state (current data). | E9: Label X explicitly as a "proxy measure of coastal tourism exposure", not a direct count of beach tourists.
A10: 6 | B10: Equal weights: w_X = w_Y = w_Z = 1/3, and w_MMWQI = w_LCC = 0.5 | C10: There is no empirical or theoretical basis given yet for weighting exposure, stress and protection equally (or MMWQI/LCC equally within Y) — a reviewer/supervisor is likely to ask "why equal weights?" | D10: CTRS_Control!C12:C14 = 1/3 each; C15:C16 = 0.5 each. | E10: Keep equal weights as the reported baseline but include a weighting sensitivity analysis (see R Markdown) showing whether state rankings are stable under alternative weight scenarios.
A11: 7 | B11: Perlis excluded from the index | C11: Perlis has no MMWQI monitoring station, so it cannot be scored and is dropped -- 13 of 14 states/FTs appear in the final ranking, not 14. | D11: CTRS_Calc "Included in index" (col Y) = 0 for Perlis; CTRS_Summary already reports "States excluded (missing data): 1". | E11: State explicitly in the paper that Perlis was excluded for lack of MMWQI data, so readers do not expect 14 states in the results table.
A12: 8 | B12: "TSRI (0-1)" is a rescaled version of TSRI, not an independent index | C12: TSRI (0-1) = (TSRI + w_Z) / (w_X + w_Y + w_Z) is a linear rescaling of TSRI into a fixed 0-1 range for presentation; it is not recomputed from different inputs or weights. | D12: CTRS_Calc column AD. | E12: Refer to it as a "rescaled TSRI (0-1)" for presentation/mapping, not a second, independently derived index.
